[sweep] NYU142GHz_Method_Comparison  <-  {"thres_above_noise":3}
Loaded TX power table: 27 unique TX-RX pairs
[sweep] NYU142 config override: {"thres_above_noise":3}
═══════════════════════════════════════════════════════════════════════
  NYU 142GHz Data: Method Comparison Configuration
═══════════════════════════════════════════════════════════════════════
  PDP Threshold: max(25 dB below peak, 3 dB above noise) [NYU method]
  Omni Synthesis: NYU=SUM, USC=perDelayMax
  PAS Thresholds: 10 dB, 15 dB, 20 dB (NYU only)
  TX Power: VARIES per TX-RX pair (from CSV), Ant Gain: TX=27 dB, RX=27 dB
  TX Power lookup table loaded: 27 unique TX-RX pairs
  Antenna patterns loaded: Azimuth (181 points), Elevation (181 points)
═══════════════════════════════════════════════════════════════════════

╔═══════════════════════════════════════════════════════════════════════╗
║         Processing NYU 142GHz Data with NYU and USC Methods          ║
╚═══════════════════════════════════════════════════════════════════════╝

Found 27 TX-RX location files

Processing [ 1/27] T1-R1 (Ptx=-3.50 dBm) ... LOS | PL: NYU=102.6, USC=103.5 | DS: NYU=7.8, USC=7.9 ns
Processing [ 2/27] T1-R14 (Ptx=-1.20 dBm) ... NLOS | PL: NYU=128.9, USC=130.8 | DS: NYU=13.1, USC=12.4 ns
Processing [ 3/27] T1-R16 (Ptx=-1.20 dBm) ... NLOS | PL: NYU=126.6, USC=128.0 | DS: NYU=25.5, USC=27.8 ns
Processing [ 4/27] T1-R18 (Ptx=-1.20 dBm) ... NLOS | PL: NYU=136.1, USC=137.5 | DS: NYU=56.5, USC=53.1 ns
Processing [ 5/27] T1-R23 (Ptx=-1.50 dBm) ... LOS | PL: NYU=110.8, USC=112.6 | DS: NYU=22.9, USC=24.4 ns
Processing [ 6/27] T1-R27 (Ptx=-1.87 dBm) ... LOS | PL: NYU=104.4, USC=106.2 | DS: NYU=5.7, USC=6.3 ns
Processing [ 7/27] T1-R31 (Ptx=-1.87 dBm) ... LOS | PL: NYU=105.0, USC=106.3 | DS: NYU=18.5, USC=19.6 ns
Processing [ 8/27] T1-R5 (Ptx=-3.50 dBm) ... LOS | PL: NYU=102.1, USC=103.1 | DS: NYU=3.3, USC=3.0 ns
Processing [ 9/27] T1-R9 (Ptx=-1.50 dBm) ... NLOS | PL: NYU=125.8, USC=126.9 | DS: NYU=22.1, USC=21.2 ns
Processing [10/27] T2-R1 (Ptx=-2.00 dBm) ... LOS | PL: NYU=112.0, USC=113.5 | DS: NYU=35.6, USC=30.3 ns
Processing [11/27] T2-R35 (Ptx=-2.00 dBm) ... LOS | PL: NYU=109.2, USC=110.7 | DS: NYU=28.2, USC=31.4 ns
Processing [12/27] T2-R36 (Ptx=-2.00 dBm) ... LOS | PL: NYU=105.6, USC=106.7 | DS: NYU=19.8, USC=19.8 ns
Processing [13/27] T3-R1 (Ptx=-1.37 dBm) ... NLOS | PL: NYU=130.2, USC=132.9 | DS: NYU=16.2, USC=16.1 ns
Processing [14/27] T3-R35 (Ptx=-1.37 dBm) ... LOS | PL: NYU=116.7, USC=118.8 | DS: NYU=27.2, USC=26.3 ns
Processing [15/27] T3-R36 (Ptx=-1.37 dBm) ... LOS | PL: NYU=115.1, USC=117.0 | DS: NYU=10.5, USC=12.7 ns
Processing [16/27] T3-R37 (Ptx=-1.37 dBm) ... LOS | PL: NYU=120.5, USC=122.7 | DS: NYU=13.3, USC=17.1 ns
Processing [17/27] T4-R1 (Ptx=-1.72 dBm) ... NLOS | PL: NYU=127.8, USC=129.2 | DS: NYU=29.9, USC=35.4 ns
Processing [18/27] T4-R3 (Ptx=-1.72 dBm) ... LOS | PL: NYU=113.3, USC=115.7 | DS: NYU=25.6, USC=29.3 ns
Processing [19/27] T4-R37 (Ptx=-1.72 dBm) ... LOS | PL: NYU=105.0, USC=106.8 | DS: NYU=7.7, USC=7.6 ns
Processing [20/27] T4-R38 (Ptx=-1.72 dBm) ... NLOS | PL: NYU=136.4, USC=137.8 | DS: NYU=1.1, USC=1.2 ns
Processing [21/27] T5-R1 (Ptx=-3.00 dBm) ... NLOS | PL: NYU=115.1, USC=116.7 | DS: NYU=44.5, USC=46.9 ns
Processing [22/27] T5-R10 (Ptx=-3.00 dBm) ... NLOS | PL: NYU=122.2, USC=125.5 | DS: NYU=38.0, USC=48.4 ns
Processing [23/27] T5-R3 (Ptx=-3.00 dBm) ... LOS | PL: NYU=107.1, USC=108.9 | DS: NYU=17.0, USC=19.8 ns
Processing [24/27] T5-R35 (Ptx=-3.00 dBm) ... LOS | PL: NYU=110.9, USC=112.3 | DS: NYU=1.7, USC=1.7 ns
Processing [25/27] T6-R1 (Ptx=-1.55 dBm) ... LOS | PL: NYU=103.9, USC=106.4 | DS: NYU=19.5, USC=18.4 ns
Processing [26/27] T6-R39 (Ptx=-1.55 dBm) ... NLOS | PL: NYU=113.1, USC=115.5 | DS: NYU=23.7, USC=24.0 ns
Processing [27/27] T6-R40 (Ptx=-1.55 dBm) ... NLOS | PL: NYU=119.9, USC=122.6 | DS: NYU=31.1, USC=36.9 ns

Processing complete!

╔═══════════════════════════════════════════════════════════════════════════════════════════════════════╗
║                               TABLE 1: METHOD COMPARISON SUMMARY                                       ║
╠════════════════════════╤═══════════════════════════════════╤═══════════════════════════════════════════╣
║ Aspect                 │ NYU Method                        │ USC Method                                ║
╠════════════════════════╪═══════════════════════════════════╪═══════════════════════════════════════════╣
║ PDP Threshold          │ max(25dB below pk, 5dB abv noise) │ SAME (NYU method)                         ║
║ Omni Synthesis         │ SUM across all directions         │ perDelayMax (max per delay)               ║
║ PAS Threshold          │ 10/15/20 dB below peak            │ NONE                                      ║
║ Lobe Expansion         │ Antenna pattern-based (HPBW=8°)   │ NONE                                      ║
║ AS Formula             │ 3GPP: sqrt(-2*ln(R))              │ SAME                                      ║
╚════════════════════════╧═══════════════════════════════════╧═══════════════════════════════════════════╝

╔════════════════════════════════════════════════════════════════════════════════════════════════════════════════════════════════════════════╗
║                                              TABLE 2: PER TX-RX PAIR RESULTS                                                               ║
╠═════════╤═══════╤═══════════════════╤═══════════════════╤═════════════════════════════════════════════════════════════════════════════════╣
║  TX-RX  │  Env  │   Path Loss (dB)  │ Delay Spread (ns) │                    Angular Spread (degrees)                                      ║
║         │       │   NYU  │   USC    │   NYU  │   USC    │  ASA-10  │  ASA-15  │  ASA-20  │ ASA-USC │  ASD-10  │  ASD-15  │  ASD-20  │ ASD-USC║
╠═════════╪═══════╪════════╪══════════╪════════╪══════════╪══════════╪══════════╪══════════╪═════════╪══════════╪══════════╪══════════╪════════╣
║ T1-R1   │ LOS   │  102.6 │  103.5   │   7.78 │   7.94   │     3.3  │    13.0  │    10.2  │    9.7  │     3.3  │    12.9  │    10.4  │    8.5 ║
║ T1-R14  │ NLOS  │  128.9 │  130.8   │  13.08 │  12.42   │    55.9  │    59.3  │    57.6  │   56.4  │     3.3  │     2.7  │     2.0  │    0.0 ║
║ T1-R16  │ NLOS  │  126.6 │  128.0   │  25.48 │  27.79   │    50.7  │    46.0  │    44.3  │   44.3  │     3.3  │     2.7  │     3.9  │    2.4 ║
║ T1-R18  │ NLOS  │  136.1 │  137.5   │  56.53 │  53.12   │    42.0  │    41.9  │    41.8  │   41.9  │     9.3  │     8.9  │     8.7  │    8.4 ║
║ T1-R23  │ LOS   │  110.8 │  112.6   │  22.93 │  24.41   │    52.1  │    48.4  │    51.7  │   49.4  │     5.4  │     6.4  │     5.9  │    5.2 ║
║ T1-R27  │ LOS   │  104.4 │  106.2   │   5.69 │   6.30   │     3.3  │     3.6  │     3.1  │    5.8  │     3.3  │     2.7  │     2.0  │    0.7 ║
║ T1-R31  │ LOS   │  105.0 │  106.3   │  18.54 │  19.57   │     3.3  │     4.2  │     3.6  │   10.7  │     3.3  │     2.7  │     7.0  │    4.1 ║
║ T1-R5   │ LOS   │  102.1 │  103.1   │   3.33 │   3.01   │     3.3  │     3.2  │     2.9  │   11.1  │     3.3  │     3.9  │     3.1  │    2.0 ║
║ T1-R9   │ NLOS  │  125.8 │  126.9   │  22.05 │  21.18   │    74.2  │    73.5  │    73.3  │   73.2  │     3.3  │     2.7  │     2.0  │    0.0 ║
║ T2-R1   │ LOS   │  112.0 │  113.5   │  35.61 │  30.33   │     3.3  │     3.8  │     5.1  │   13.0  │     3.3  │     3.0  │     5.2  │    9.2 ║
║ T2-R35  │ LOS   │  109.2 │  110.7   │  28.18 │  31.42   │     3.3  │     4.0  │    27.2  │   24.4  │     3.3  │     3.3  │     7.5  │    6.6 ║
║ T2-R36  │ LOS   │  105.6 │  106.7   │  19.83 │  19.76   │     3.8  │     3.9  │     3.4  │   13.2  │     3.3  │     3.3  │     3.4  │    4.2 ║
║ T3-R1   │ NLOS  │  130.2 │  132.9   │  16.24 │  16.05   │    12.6  │    12.6  │    12.4  │   12.2  │     6.7  │     6.1  │     5.8  │    5.5 ║
║ T3-R35  │ LOS   │  116.7 │  118.8   │  27.21 │  26.35   │    13.5  │    12.5  │    12.5  │   13.0  │    25.2  │    23.0  │    22.2  │   21.7 ║
║ T3-R36  │ LOS   │  115.1 │  117.0   │  10.54 │  12.68   │     3.3  │     3.8  │     3.2  │    7.9  │     3.3  │     3.4  │     3.0  │    3.0 ║
║ T3-R37  │ LOS   │  120.5 │  122.7   │  13.33 │  17.10   │     4.0  │     3.9  │     3.5  │   11.3  │     3.3  │     3.3  │     2.8  │    1.9 ║
║ T4-R1   │ NLOS  │  127.8 │  129.2   │  29.93 │  35.37   │     3.3  │    33.8  │    26.1  │   21.3  │     4.6  │     4.1  │     3.7  │    3.2 ║
║ T4-R3   │ LOS   │  113.3 │  115.7   │  25.56 │  29.28   │     5.0  │     4.7  │     4.1  │   11.2  │     3.3  │     3.5  │     2.9  │    2.4 ║
║ T4-R37  │ LOS   │  105.0 │  106.8   │   7.70 │   7.60   │     7.1  │    12.8  │    10.9  │   13.5  │    13.8  │    13.9  │    13.6  │   13.2 ║
║ T4-R38  │ NLOS  │  136.4 │  137.8   │   1.11 │   1.24   │     5.3  │     4.7  │     4.4  │    4.0  │     5.3  │     4.7  │     4.4  │    4.0 ║
║ T5-R1   │ NLOS  │  115.1 │  116.7   │  44.52 │  46.94   │    57.6  │    52.6  │    53.0  │   51.4  │    10.3  │    10.4  │    11.4  │   10.8 ║
║ T5-R10  │ NLOS  │  122.2 │  125.5   │  37.98 │  48.40   │     5.2  │    48.1  │    42.2  │   37.9  │    19.8  │    20.0  │    19.7  │   19.1 ║
║ T5-R3   │ LOS   │  107.1 │  108.9   │  17.02 │  19.75   │    10.0  │     8.7  │     7.8  │   11.8  │     3.3  │     8.4  │     8.3  │    8.1 ║
║ T5-R35  │ LOS   │  110.9 │  112.3   │   1.67 │   1.68   │     3.3  │     4.1  │     3.5  │    4.5  │     3.3  │     3.5  │     2.9  │    3.0 ║
║ T6-R1   │ LOS   │  103.9 │  106.4   │  19.46 │  18.44   │     4.7  │     4.7  │     4.2  │    9.8  │     4.9  │     4.7  │     4.3  │    4.7 ║
║ T6-R39  │ NLOS  │  113.1 │  115.5   │  23.68 │  23.99   │    61.5  │    62.1  │    62.4  │   63.5  │    31.8  │    31.2  │    31.4  │   31.2 ║
║ T6-R40  │ NLOS  │  119.9 │  122.6   │  31.07 │  36.91   │    35.0  │    32.5  │    30.9  │   30.9  │     4.2  │    26.5  │    24.7  │   22.5 ║
╚═════════╧═══════╧════════╧══════════╧════════╧══════════╧══════════╧══════════╧══════════╧═════════╧══════════╧══════════╧══════════╧════════╝

╔═══════════════════════════════════════════════════════════════════════════════════════════════════════════════════════════════╗
║                                              TABLE 3: STATISTICAL SUMMARY                                                      ║
╠════════════════════════════════╤═════════════════════════════════════╤═════════════════════════════════════════════════════════╣
║ Metric                         │     LOS (mean ± std)                │     NLOS (mean ± std)               │    ALL            ║
╠════════════════════════════════╪═════════════════════════════════════╪═════════════════════════════════════════════════════════╣
║ PL - NYU (SUM)                 │  109.0 ±   5.5 dB                    │  125.6 ±   7.6 dB                    │  115.8 ±  10.4 dB  ║
║ PL - USC (perDelayMax)         │  110.7 ±   5.7 dB                    │  127.6 ±   7.3 dB                    │  117.6 ±  10.5 dB  ║
║ Δ PL (NYU - USC)               │   -1.7 ±   0.5 dB                    │   -1.9 ±   0.7 dB                    │   -1.8 ±   0.6 dB  ║
╠════════════════════════════════╪═════════════════════════════════════╪═════════════════════════════════════════════════════════╣
║ DS - NYU (SUM)                 │  16.52 ±  9.91 ns                    │  27.43 ± 15.30 ns                    │  20.97 ± 13.28 ns  ║
║ DS - USC (perDelayMax)         │  17.23 ±  9.78 ns                    │  29.40 ± 16.38 ns                    │  22.19 ± 13.98 ns  ║
╠════════════════════════════════╪═════════════════════════════════════╪═════════════════════════════════════════════════════════╣
║ ASA - NYU 10dB                 │    7.9 ±  12.1 deg                   │   36.6 ±  25.9 deg                   │   19.6 ±  23.5 deg ║
║ ASA - NYU 20dB                 │    9.8 ±  12.8 deg                   │   40.8 ±  21.0 deg                   │   22.4 ±  22.5 deg ║
║ ASA - USC (no threshold)       │   13.8 ±  10.4 deg                   │   39.7 ±  21.4 deg                   │   24.3 ±  20.2 deg ║
╚════════════════════════════════╧═════════════════════════════════════╧═════════════════════════════════════════════════════════╝


  CSV results exported to: D:\unified-channel-analysis\matlab\processing\nyu_142\Results\NYU142GHz_Method_Comparison_Results.csv
  Excel results exported to: D:\unified-channel-analysis\matlab\processing\nyu_142\Results\NYU142GHz_Method_Comparison_Results.xlsx

═══════════════════════════════════════════════════════════════════════
  PROCESSING COMPLETE
═══════════════════════════════════════════════════════════════════════
  Figures saved to: D:\unified-channel-analysis\matlab\processing\nyu_142\Figures
  Results saved to: D:\unified-channel-analysis\matlab\processing\nyu_142\Results
  CSV exported to: D:\unified-channel-analysis\matlab\processing\nyu_142\Results\NYU142GHz_Method_Comparison_Results.csv
  Excel exported to: D:\unified-channel-analysis\matlab\processing\nyu_142\Results\NYU142GHz_Method_Comparison_Results.xlsx
═══════════════════════════════════════════════════════════════════════
[sweep]   ok (1.8 min) -> D:\unified-channel-analysis\figures\matlab\sweep\nyu142_N03_P25.csv
[sweep] NYU142GHz_Method_Comparison  <-  {"thres_above_noise":5}
Loaded TX power table: 27 unique TX-RX pairs
[sweep] NYU142 config override: {"thres_above_noise":5}
═══════════════════════════════════════════════════════════════════════
  NYU 142GHz Data: Method Comparison Configuration
═══════════════════════════════════════════════════════════════════════
  PDP Threshold: max(25 dB below peak, 5 dB above noise) [NYU method]
  Omni Synthesis: NYU=SUM, USC=perDelayMax
  PAS Thresholds: 10 dB, 15 dB, 20 dB (NYU only)
  TX Power: VARIES per TX-RX pair (from CSV), Ant Gain: TX=27 dB, RX=27 dB
  TX Power lookup table loaded: 27 unique TX-RX pairs
  Antenna patterns loaded: Azimuth (181 points), Elevation (181 points)
═══════════════════════════════════════════════════════════════════════

╔═══════════════════════════════════════════════════════════════════════╗
║         Processing NYU 142GHz Data with NYU and USC Methods          ║
╚═══════════════════════════════════════════════════════════════════════╝

Found 27 TX-RX location files

Processing [ 1/27] T1-R1 (Ptx=-3.50 dBm) ... LOS | PL: NYU=102.6, USC=103.5 | DS: NYU=7.5, USC=7.7 ns
Processing [ 2/27] T1-R14 (Ptx=-1.20 dBm) ... NLOS | PL: NYU=129.7, USC=131.5 | DS: NYU=13.1, USC=12.3 ns
Processing [ 3/27] T1-R16 (Ptx=-1.20 dBm) ... NLOS | PL: NYU=126.9, USC=128.2 | DS: NYU=23.1, USC=25.0 ns
Processing [ 4/27] T1-R18 (Ptx=-1.20 dBm) ... NLOS | PL: NYU=136.9, USC=138.4 | DS: NYU=56.5, USC=53.1 ns
Processing [ 5/27] T1-R23 (Ptx=-1.50 dBm) ... LOS | PL: NYU=110.8, USC=112.7 | DS: NYU=22.0, USC=23.2 ns
Processing [ 6/27] T1-R27 (Ptx=-1.87 dBm) ... LOS | PL: NYU=104.4, USC=106.2 | DS: NYU=5.5, USC=6.2 ns
Processing [ 7/27] T1-R31 (Ptx=-1.87 dBm) ... LOS | PL: NYU=105.1, USC=106.4 | DS: NYU=16.5, USC=17.3 ns
Processing [ 8/27] T1-R5 (Ptx=-3.50 dBm) ... LOS | PL: NYU=102.1, USC=103.1 | DS: NYU=3.2, USC=2.9 ns
Processing [ 9/27] T1-R9 (Ptx=-1.50 dBm) ... NLOS | PL: NYU=126.5, USC=127.5 | DS: NYU=19.8, USC=19.5 ns
Processing [10/27] T2-R1 (Ptx=-2.00 dBm) ... LOS | PL: NYU=112.0, USC=113.6 | DS: NYU=32.0, USC=28.1 ns
Processing [11/27] T2-R35 (Ptx=-2.00 dBm) ... LOS | PL: NYU=109.2, USC=110.8 | DS: NYU=27.0, USC=30.1 ns
Processing [12/27] T2-R36 (Ptx=-2.00 dBm) ... LOS | PL: NYU=105.7, USC=106.7 | DS: NYU=17.6, USC=18.5 ns
Processing [13/27] T3-R1 (Ptx=-1.37 dBm) ... NLOS | PL: NYU=130.6, USC=133.4 | DS: NYU=16.1, USC=16.0 ns
Processing [14/27] T3-R35 (Ptx=-1.37 dBm) ... LOS | PL: NYU=116.8, USC=118.8 | DS: NYU=27.1, USC=26.3 ns
Processing [15/27] T3-R36 (Ptx=-1.37 dBm) ... LOS | PL: NYU=115.1, USC=117.0 | DS: NYU=8.2, USC=9.8 ns
Processing [16/27] T3-R37 (Ptx=-1.37 dBm) ... LOS | PL: NYU=120.6, USC=122.8 | DS: NYU=11.7, USC=14.9 ns
Processing [17/27] T4-R1 (Ptx=-1.72 dBm) ... NLOS | PL: NYU=128.2, USC=129.5 | DS: NYU=26.4, USC=30.7 ns
Processing [18/27] T4-R3 (Ptx=-1.72 dBm) ... LOS | PL: NYU=113.3, USC=115.8 | DS: NYU=17.2, USC=22.8 ns
Processing [19/27] T4-R37 (Ptx=-1.72 dBm) ... LOS | PL: NYU=105.1, USC=106.8 | DS: NYU=7.7, USC=7.6 ns
Processing [20/27] T4-R38 (Ptx=-1.72 dBm) ... NLOS | PL: NYU=138.2, USC=139.4 | DS: NYU=0.5, USC=0.6 ns
Processing [21/27] T5-R1 (Ptx=-3.00 dBm) ... NLOS | PL: NYU=115.4, USC=116.9 | DS: NYU=41.8, USC=45.9 ns
Processing [22/27] T5-R10 (Ptx=-3.00 dBm) ... NLOS | PL: NYU=122.6, USC=126.1 | DS: NYU=36.5, USC=47.0 ns
Processing [23/27] T5-R3 (Ptx=-3.00 dBm) ... LOS | PL: NYU=107.2, USC=109.0 | DS: NYU=15.5, USC=17.9 ns
Processing [24/27] T5-R35 (Ptx=-3.00 dBm) ... LOS | PL: NYU=110.9, USC=112.3 | DS: NYU=1.4, USC=1.3 ns
Processing [25/27] T6-R1 (Ptx=-1.55 dBm) ... LOS | PL: NYU=104.0, USC=106.5 | DS: NYU=18.7, USC=17.7 ns
Processing [26/27] T6-R39 (Ptx=-1.55 dBm) ... NLOS | PL: NYU=113.2, USC=115.5 | DS: NYU=23.6, USC=23.8 ns
Processing [27/27] T6-R40 (Ptx=-1.55 dBm) ... NLOS | PL: NYU=120.1, USC=122.8 | DS: NYU=29.8, USC=36.0 ns

Processing complete!

╔═══════════════════════════════════════════════════════════════════════════════════════════════════════╗
║                               TABLE 1: METHOD COMPARISON SUMMARY                                       ║
╠════════════════════════╤═══════════════════════════════════╤═══════════════════════════════════════════╣
║ Aspect                 │ NYU Method                        │ USC Method                                ║
╠════════════════════════╪═══════════════════════════════════╪═══════════════════════════════════════════╣
║ PDP Threshold          │ max(25dB below pk, 5dB abv noise) │ SAME (NYU method)                         ║
║ Omni Synthesis         │ SUM across all directions         │ perDelayMax (max per delay)               ║
║ PAS Threshold          │ 10/15/20 dB below peak            │ NONE                                      ║
║ Lobe Expansion         │ Antenna pattern-based (HPBW=8°)   │ NONE                                      ║
║ AS Formula             │ 3GPP: sqrt(-2*ln(R))              │ SAME                                      ║
╚════════════════════════╧═══════════════════════════════════╧═══════════════════════════════════════════╝

╔════════════════════════════════════════════════════════════════════════════════════════════════════════════════════════════════════════════╗
║                                              TABLE 2: PER TX-RX PAIR RESULTS                                                               ║
╠═════════╤═══════╤═══════════════════╤═══════════════════╤═════════════════════════════════════════════════════════════════════════════════╣
║  TX-RX  │  Env  │   Path Loss (dB)  │ Delay Spread (ns) │                    Angular Spread (degrees)                                      ║
║         │       │   NYU  │   USC    │   NYU  │   USC    │  ASA-10  │  ASA-15  │  ASA-20  │ ASA-USC │  ASD-10  │  ASD-15  │  ASD-20  │ ASD-USC║
╠═════════╪═══════╪════════╪══════════╪════════╪══════════╪══════════╪══════════╪══════════╪═════════╪══════════╪══════════╪══════════╪════════╣
║ T1-R1   │ LOS   │  102.6 │  103.5   │   7.49 │   7.67   │     3.3  │    13.0  │    10.2  │    9.3  │     3.3  │    12.8  │    10.2  │    8.3 ║
║ T1-R14  │ NLOS  │  129.7 │  131.5   │  13.07 │  12.26   │    54.9  │    52.7  │    53.4  │   51.8  │     3.3  │     2.7  │     2.0  │    0.0 ║
║ T1-R16  │ NLOS  │  126.9 │  128.2   │  23.13 │  25.04   │    50.3  │    45.5  │    43.5  │   42.7  │     3.3  │     2.7  │     3.6  │    1.8 ║
║ T1-R18  │ NLOS  │  136.9 │  138.4   │  56.47 │  53.06   │    41.8  │    41.5  │    41.4  │   41.3  │     9.1  │     8.7  │     8.4  │    8.1 ║
║ T1-R23  │ LOS   │  110.8 │  112.7   │  22.04 │  23.17   │    52.0  │    48.4  │    51.1  │   48.8  │     5.4  │     6.4  │     5.8  │    5.2 ║
║ T1-R27  │ LOS   │  104.4 │  106.2   │   5.52 │   6.16   │     3.3  │     3.6  │     3.1  │    5.2  │     3.3  │     2.7  │     2.0  │    0.6 ║
║ T1-R31  │ LOS   │  105.1 │  106.4   │  16.46 │  17.30   │     3.3  │     4.2  │     3.6  │    9.1  │     3.3  │     2.7  │     6.9  │    3.9 ║
║ T1-R5   │ LOS   │  102.1 │  103.1   │   3.19 │   2.89   │     3.3  │     3.1  │     2.8  │   10.3  │     3.3  │     3.9  │     3.1  │    2.0 ║
║ T1-R9   │ NLOS  │  126.5 │  127.5   │  19.78 │  19.51   │    70.8  │    69.6  │    67.8  │   67.0  │     3.3  │     2.7  │     2.0  │    0.0 ║
║ T2-R1   │ LOS   │  112.0 │  113.6   │  31.96 │  28.10   │     3.3  │     3.8  │     5.3  │   11.1  │     3.3  │     2.9  │     5.1  │    7.6 ║
║ T2-R35  │ LOS   │  109.2 │  110.8   │  26.99 │  30.08   │     3.3  │     4.0  │    27.1  │   23.7  │     3.3  │     3.2  │     7.4  │    6.5 ║
║ T2-R36  │ LOS   │  105.7 │  106.7   │  17.64 │  18.48   │     3.3  │     3.8  │     3.3  │   11.8  │     3.3  │     3.3  │     3.4  │    4.0 ║
║ T3-R1   │ NLOS  │  130.6 │  133.4   │  16.06 │  15.97   │    10.9  │    12.2  │    12.0  │   11.8  │     6.7  │     6.1  │     5.8  │    5.5 ║
║ T3-R35  │ LOS   │  116.8 │  118.8   │  27.11 │  26.33   │    13.5  │    12.4  │    12.4  │   12.3  │    25.1  │    22.9  │    22.1  │   21.6 ║
║ T3-R36  │ LOS   │  115.1 │  117.0   │   8.25 │   9.78   │     3.3  │     3.7  │     3.2  │    6.5  │     3.3  │     3.3  │     2.9  │    2.7 ║
║ T3-R37  │ LOS   │  120.6 │  122.8   │  11.70 │  14.95   │     4.0  │     3.8  │     3.4  │   10.2  │     3.3  │     3.3  │     2.7  │    1.9 ║
║ T4-R1   │ NLOS  │  128.2 │  129.5   │  26.38 │  30.65   │     3.3  │     2.7  │    24.3  │   18.9  │     4.4  │     3.9  │     3.4  │    2.9 ║
║ T4-R3   │ LOS   │  113.3 │  115.8   │  17.17 │  22.78   │     5.0  │     4.7  │     4.1  │    7.9  │     3.3  │     3.5  │     2.9  │    2.4 ║
║ T4-R37  │ LOS   │  105.1 │  106.8   │   7.70 │   7.59   │     7.1  │    12.8  │    10.9  │   10.1  │    13.4  │    13.9  │    13.5  │   12.9 ║
║ T4-R38  │ NLOS  │  138.2 │  139.4   │   0.54 │   0.58   │     5.0  │     4.3  │     3.9  │    3.4  │     5.0  │     4.3  │     3.9  │    3.4 ║
║ T5-R1   │ NLOS  │  115.4 │  116.9   │  41.82 │  45.88   │    57.5  │    53.0  │    51.4  │   49.6  │    10.1  │     9.9  │    11.0  │   10.4 ║
║ T5-R10  │ NLOS  │  122.6 │  126.1   │  36.54 │  47.02   │     5.2  │    33.2  │    38.8  │   33.1  │    19.4  │    18.6  │    18.4  │   17.7 ║
║ T5-R3   │ LOS   │  107.2 │  109.0   │  15.55 │  17.88   │     3.3  │     8.7  │     7.8  │   10.2  │     3.3  │     8.4  │     8.3  │    8.0 ║
║ T5-R35  │ LOS   │  110.9 │  112.3   │   1.39 │   1.34   │     3.3  │     4.0  │     3.5  │    3.3  │     3.3  │     3.5  │     2.9  │    2.8 ║
║ T6-R1   │ LOS   │  104.0 │  106.5   │  18.66 │  17.74   │     4.7  │     4.7  │     4.2  │    6.8  │     4.9  │     4.7  │     4.2  │    4.4 ║
║ T6-R39  │ NLOS  │  113.2 │  115.5   │  23.57 │  23.84   │    61.4  │    62.2  │    61.6  │   62.7  │    31.8  │    31.2  │    31.4  │   31.1 ║
║ T6-R40  │ NLOS  │  120.1 │  122.8   │  29.76 │  35.99   │    34.9  │    32.3  │    30.6  │   29.7  │     4.0  │    26.6  │    24.4  │   22.1 ║
╚═════════╧═══════╧════════╧══════════╧════════╧══════════╧══════════╧══════════╧══════════╧═════════╧══════════╧══════════╧══════════╧════════╝

╔═══════════════════════════════════════════════════════════════════════════════════════════════════════════════════════════════╗
║                                              TABLE 3: STATISTICAL SUMMARY                                                      ║
╠════════════════════════════════╤═════════════════════════════════════╤═════════════════════════════════════════════════════════╣
║ Metric                         │     LOS (mean ± std)                │     NLOS (mean ± std)               │    ALL            ║
╠════════════════════════════════╪═════════════════════════════════════╪═════════════════════════════════════════════════════════╣
║ PL - NYU (SUM)                 │  109.1 ±   5.5 dB                    │  126.2 ±   8.0 dB                    │  116.1 ±  10.7 dB  ║
║ PL - USC (perDelayMax)         │  110.7 ±   5.7 dB                    │  128.1 ±   7.7 dB                    │  117.8 ±  10.8 dB  ║
║ Δ PL (NYU - USC)               │   -1.7 ±   0.5 dB                    │   -1.9 ±   0.8 dB                    │   -1.8 ±   0.6 dB  ║
╠════════════════════════════════╪═════════════════════════════════════╪═════════════════════════════════════════════════════════╣
║ DS - NYU (SUM)                 │  14.93 ±  9.08 ns                    │  26.10 ± 15.07 ns                    │  19.48 ± 12.89 ns  ║
║ DS - USC (perDelayMax)         │  15.76 ±  9.04 ns                    │  28.16 ± 16.19 ns                    │  20.82 ± 13.66 ns  ║
╠════════════════════════════════╪═════════════════════════════════════╪═════════════════════════════════════════════════════════╣
║ ASA - NYU 10dB                 │    7.4 ±  12.2 deg                   │   36.0 ±  25.6 deg                   │   19.1 ±  23.3 deg ║
║ ASA - NYU 20dB                 │    9.7 ±  12.6 deg                   │   39.0 ±  19.9 deg                   │   21.7 ±  21.4 deg ║
║ ASA - USC (no threshold)       │   12.3 ±  10.7 deg                   │   37.5 ±  20.4 deg                   │   22.5 ±  19.6 deg ║
╚════════════════════════════════╧═════════════════════════════════════╧═════════════════════════════════════════════════════════╝


  CSV results exported to: D:\unified-channel-analysis\matlab\processing\nyu_142\Results\NYU142GHz_Method_Comparison_Results.csv
  Excel results exported to: D:\unified-channel-analysis\matlab\processing\nyu_142\Results\NYU142GHz_Method_Comparison_Results.xlsx

═══════════════════════════════════════════════════════════════════════
  PROCESSING COMPLETE
═══════════════════════════════════════════════════════════════════════
  Figures saved to: D:\unified-channel-analysis\matlab\processing\nyu_142\Figures
  Results saved to: D:\unified-channel-analysis\matlab\processing\nyu_142\Results
  CSV exported to: D:\unified-channel-analysis\matlab\processing\nyu_142\Results\NYU142GHz_Method_Comparison_Results.csv
  Excel exported to: D:\unified-channel-analysis\matlab\processing\nyu_142\Results\NYU142GHz_Method_Comparison_Results.xlsx
═══════════════════════════════════════════════════════════════════════
[sweep]   ok (1.5 min) -> D:\unified-channel-analysis\figures\matlab\sweep\nyu142_N05_P25.csv
[sweep] NYU142GHz_Method_Comparison  <-  {"thres_above_noise":8}
Loaded TX power table: 27 unique TX-RX pairs
[sweep] NYU142 config override: {"thres_above_noise":8}
═══════════════════════════════════════════════════════════════════════
  NYU 142GHz Data: Method Comparison Configuration
═══════════════════════════════════════════════════════════════════════
  PDP Threshold: max(25 dB below peak, 8 dB above noise) [NYU method]
  Omni Synthesis: NYU=SUM, USC=perDelayMax
  PAS Thresholds: 10 dB, 15 dB, 20 dB (NYU only)
  TX Power: VARIES per TX-RX pair (from CSV), Ant Gain: TX=27 dB, RX=27 dB
  TX Power lookup table loaded: 27 unique TX-RX pairs
  Antenna patterns loaded: Azimuth (181 points), Elevation (181 points)
═══════════════════════════════════════════════════════════════════════

╔═══════════════════════════════════════════════════════════════════════╗
║         Processing NYU 142GHz Data with NYU and USC Methods          ║
╚═══════════════════════════════════════════════════════════════════════╝

Found 27 TX-RX location files

Processing [ 1/27] T1-R1 (Ptx=-3.50 dBm) ... LOS | PL: NYU=102.9, USC=103.6 | DS: NYU=6.5, USC=6.7 ns
Processing [ 2/27] T1-R14 (Ptx=-1.20 dBm) ... NLOS | PL: NYU=131.3, USC=132.4 | DS: NYU=12.5, USC=11.7 ns
Processing [ 3/27] T1-R16 (Ptx=-1.20 dBm) ... NLOS | PL: NYU=127.4, USC=128.5 | DS: NYU=18.1, USC=19.7 ns
Processing [ 4/27] T1-R18 (Ptx=-1.20 dBm) ... NLOS | PL: NYU=138.6, USC=139.7 | DS: NYU=56.1, USC=53.4 ns
Processing [ 5/27] T1-R23 (Ptx=-1.50 dBm) ... LOS | PL: NYU=110.9, USC=112.7 | DS: NYU=21.6, USC=22.6 ns
Processing [ 6/27] T1-R27 (Ptx=-1.87 dBm) ... LOS | PL: NYU=104.4, USC=106.2 | DS: NYU=4.9, USC=6.0 ns
Processing [ 7/27] T1-R31 (Ptx=-1.87 dBm) ... LOS | PL: NYU=105.1, USC=106.4 | DS: NYU=12.0, USC=12.2 ns
Processing [ 8/27] T1-R5 (Ptx=-3.50 dBm) ... LOS | PL: NYU=102.4, USC=103.2 | DS: NYU=2.8, USC=2.5 ns
Processing [ 9/27] T1-R9 (Ptx=-1.50 dBm) ... NLOS | PL: NYU=127.2, USC=128.0 | DS: NYU=10.8, USC=11.5 ns
Processing [10/27] T2-R1 (Ptx=-2.00 dBm) ... LOS | PL: NYU=112.1, USC=113.6 | DS: NYU=24.9, USC=23.3 ns
Processing [11/27] T2-R35 (Ptx=-2.00 dBm) ... LOS | PL: NYU=109.3, USC=110.8 | DS: NYU=24.6, USC=27.5 ns
Processing [12/27] T2-R36 (Ptx=-2.00 dBm) ... LOS | PL: NYU=105.7, USC=106.8 | DS: NYU=15.2, USC=16.7 ns
Processing [13/27] T3-R1 (Ptx=-1.37 dBm) ... NLOS | PL: NYU=131.5, USC=133.7 | DS: NYU=15.5, USC=15.7 ns
Processing [14/27] T3-R35 (Ptx=-1.37 dBm) ... LOS | PL: NYU=116.8, USC=118.8 | DS: NYU=26.9, USC=26.3 ns
Processing [15/27] T3-R36 (Ptx=-1.37 dBm) ... LOS | PL: NYU=115.2, USC=117.1 | DS: NYU=2.3, USC=2.8 ns
Processing [16/27] T3-R37 (Ptx=-1.37 dBm) ... LOS | PL: NYU=120.8, USC=122.8 | DS: NYU=5.6, USC=7.0 ns
Processing [17/27] T4-R1 (Ptx=-1.72 dBm) ... NLOS | PL: NYU=129.0, USC=129.8 | DS: NYU=0.7, USC=0.7 ns
Processing [18/27] T4-R3 (Ptx=-1.72 dBm) ... LOS | PL: NYU=113.4, USC=115.8 | DS: NYU=1.9, USC=2.3 ns
Processing [19/27] T4-R37 (Ptx=-1.72 dBm) ... LOS | PL: NYU=105.3, USC=106.8 | DS: NYU=7.8, USC=7.6 ns
Processing [20/27] T4-R38 (Ptx=-1.72 dBm) ... NLOS | PL: NYU=141.9, USC=141.9 | DS: NYU=0.3, USC=0.3 ns
Processing [21/27] T5-R1 (Ptx=-3.00 dBm) ... NLOS | PL: NYU=115.8, USC=117.2 | DS: NYU=37.0, USC=39.6 ns
Processing [22/27] T5-R10 (Ptx=-3.00 dBm) ... NLOS | PL: NYU=123.4, USC=127.0 | DS: NYU=29.6, USC=41.1 ns
Processing [23/27] T5-R3 (Ptx=-3.00 dBm) ... LOS | PL: NYU=107.3, USC=109.0 | DS: NYU=12.4, USC=14.0 ns
Processing [24/27] T5-R35 (Ptx=-3.00 dBm) ... LOS | PL: NYU=111.0, USC=112.3 | DS: NYU=1.1, USC=1.0 ns
Processing [25/27] T6-R1 (Ptx=-1.55 dBm) ... LOS | PL: NYU=104.2, USC=106.6 | DS: NYU=15.2, USC=15.7 ns
Processing [26/27] T6-R39 (Ptx=-1.55 dBm) ... NLOS | PL: NYU=113.3, USC=115.6 | DS: NYU=23.3, USC=23.5 ns
Processing [27/27] T6-R40 (Ptx=-1.55 dBm) ... NLOS | PL: NYU=120.4, USC=123.0 | DS: NYU=25.1, USC=32.0 ns

Processing complete!

╔═══════════════════════════════════════════════════════════════════════════════════════════════════════╗
║                               TABLE 1: METHOD COMPARISON SUMMARY                                       ║
╠════════════════════════╤═══════════════════════════════════╤═══════════════════════════════════════════╣
║ Aspect                 │ NYU Method                        │ USC Method                                ║
╠════════════════════════╪═══════════════════════════════════╪═══════════════════════════════════════════╣
║ PDP Threshold          │ max(25dB below pk, 5dB abv noise) │ SAME (NYU method)                         ║
║ Omni Synthesis         │ SUM across all directions         │ perDelayMax (max per delay)               ║
║ PAS Threshold          │ 10/15/20 dB below peak            │ NONE                                      ║
║ Lobe Expansion         │ Antenna pattern-based (HPBW=8°)   │ NONE                                      ║
║ AS Formula             │ 3GPP: sqrt(-2*ln(R))              │ SAME                                      ║
╚════════════════════════╧═══════════════════════════════════╧═══════════════════════════════════════════╝

╔════════════════════════════════════════════════════════════════════════════════════════════════════════════════════════════════════════════╗
║                                              TABLE 2: PER TX-RX PAIR RESULTS                                                               ║
╠═════════╤═══════╤═══════════════════╤═══════════════════╤═════════════════════════════════════════════════════════════════════════════════╣
║  TX-RX  │  Env  │   Path Loss (dB)  │ Delay Spread (ns) │                    Angular Spread (degrees)                                      ║
║         │       │   NYU  │   USC    │   NYU  │   USC    │  ASA-10  │  ASA-15  │  ASA-20  │ ASA-USC │  ASD-10  │  ASD-15  │  ASD-20  │ ASD-USC║
╠═════════╪═══════╪════════╪══════════╪════════╪══════════╪══════════╪══════════╪══════════╪═════════╪══════════╪══════════╪══════════╪════════╣
║ T1-R1   │ LOS   │  102.9 │  103.6   │   6.49 │   6.66   │     3.3  │    12.9  │    10.1  │    8.4  │     3.3  │    12.4  │     9.7  │    7.6 ║
║ T1-R14  │ NLOS  │  131.3 │  132.4   │  12.54 │  11.70   │    60.8  │    54.5  │    52.9  │   52.0  │     3.3  │     2.7  │     2.0  │    0.0 ║
║ T1-R16  │ NLOS  │  127.4 │  128.5   │  18.06 │  19.70   │    50.1  │    44.6  │    42.1  │   40.7  │     3.3  │     2.7  │     2.0  │    0.7 ║
║ T1-R18  │ NLOS  │  138.6 │  139.7   │  56.14 │  53.36   │    43.9  │    43.7  │    43.6  │   43.6  │     9.1  │     8.7  │     8.4  │    8.1 ║
║ T1-R23  │ LOS   │  110.9 │  112.7   │  21.60 │  22.61   │    52.0  │    48.3  │    50.9  │   48.3  │     5.4  │     6.3  │     5.8  │    5.1 ║
║ T1-R27  │ LOS   │  104.4 │  106.2   │   4.94 │   6.01   │     3.3  │     3.6  │     3.1  │    4.6  │     3.3  │     2.7  │     2.0  │    0.5 ║
║ T1-R31  │ LOS   │  105.1 │  106.4   │  12.00 │  12.16   │     3.3  │     4.1  │     3.6  │    6.9  │     3.3  │     2.7  │     2.0  │    3.7 ║
║ T1-R5   │ LOS   │  102.4 │  103.2   │   2.79 │   2.49   │     3.3  │     2.7  │     2.3  │    8.5  │     3.3  │     3.8  │     3.0  │    1.9 ║
║ T1-R9   │ NLOS  │  127.2 │  128.0   │  10.84 │  11.52   │    61.5  │    62.9  │    60.3  │   59.0  │     3.3  │     2.7  │     2.0  │    0.0 ║
║ T2-R1   │ LOS   │  112.1 │  113.6   │  24.93 │  23.30   │     3.3  │     3.7  │     5.2  │    8.7  │     3.3  │     2.9  │     5.1  │    5.3 ║
║ T2-R35  │ LOS   │  109.3 │  110.8   │  24.59 │  27.50   │     3.3  │     4.0  │    26.9  │   22.8  │     3.3  │     3.2  │     7.3  │    6.4 ║
║ T2-R36  │ LOS   │  105.7 │  106.8   │  15.18 │  16.73   │     3.3  │     3.7  │     3.2  │   10.2  │     3.3  │     3.3  │     3.4  │    3.8 ║
║ T3-R1   │ NLOS  │  131.5 │  133.7   │  15.51 │  15.68   │    10.9  │    11.0  │    10.9  │   10.6  │     6.3  │     5.8  │     5.4  │    5.1 ║
║ T3-R35  │ LOS   │  116.8 │  118.8   │  26.86 │  26.32   │    13.5  │    12.4  │    12.3  │   11.9  │    25.0  │    22.7  │    21.8  │   21.3 ║
║ T3-R36  │ LOS   │  115.2 │  117.1   │   2.32 │   2.83   │     3.3  │     3.6  │     3.2  │    4.0  │     3.3  │     3.2  │     2.9  │    2.3 ║
║ T3-R37  │ LOS   │  120.8 │  122.8   │   5.55 │   7.02   │     3.3  │     3.6  │     3.2  │    7.0  │     3.3  │     3.2  │     2.6  │    1.8 ║
║ T4-R1   │ NLOS  │  129.0 │  129.8   │   0.66 │   0.70   │     3.3  │     2.7  │     2.0  │    0.0  │     4.4  │     3.9  │     3.3  │    2.7 ║
║ T4-R3   │ LOS   │  113.4 │  115.8   │   1.85 │   2.32   │     5.0  │     4.6  │     4.1  │    4.0  │     3.3  │     3.5  │     2.9  │    2.3 ║
║ T4-R37  │ LOS   │  105.3 │  106.8   │   7.75 │   7.60   │     7.4  │    12.9  │    11.0  │   10.1  │    13.5  │    14.0  │    13.7  │   13.0 ║
║ T4-R38  │ NLOS  │  141.9 │  141.9   │   0.30 │   0.30   │     3.3  │     2.7  │     2.0  │    0.0  │     3.3  │     2.7  │     2.0  │    0.0 ║
║ T5-R1   │ NLOS  │  115.8 │  117.2   │  37.03 │  39.61   │    57.0  │    52.3  │    48.2  │   47.0  │    10.2  │    10.0  │     9.8  │    9.6 ║
║ T5-R10  │ NLOS  │  123.4 │  127.0   │  29.58 │  41.11   │     5.2  │    26.2  │    20.2  │   18.2  │     5.2  │    13.5  │    13.2  │   11.9 ║
║ T5-R3   │ LOS   │  107.3 │  109.0   │  12.43 │  13.95   │     3.3  │     8.7  │     7.7  │    8.9  │     3.3  │     8.4  │     8.2  │    7.8 ║
║ T5-R35  │ LOS   │  111.0 │  112.3   │   1.10 │   1.04   │     3.3  │     4.0  │     3.5  │    3.0  │     3.3  │     3.5  │     2.8  │    2.7 ║
║ T6-R1   │ LOS   │  104.2 │  106.6   │  15.22 │  15.67   │     4.7  │     4.6  │     4.1  │    5.8  │     4.9  │     4.6  │     4.2  │    4.1 ║
║ T6-R39  │ NLOS  │  113.3 │  115.6   │  23.32 │  23.50   │    61.4  │    61.9  │    61.5  │   61.8  │    31.8  │    31.1  │    31.2  │   31.0 ║
║ T6-R40  │ NLOS  │  120.4 │  123.0   │  25.11 │  32.00   │    34.8  │    31.7  │    30.1  │   29.1  │     3.3  │    26.3  │    24.0  │   21.5 ║
╚═════════╧═══════╧════════╧══════════╧════════╧══════════╧══════════╧══════════╧══════════╧═════════╧══════════╧══════════╧══════════╧════════╝

╔═══════════════════════════════════════════════════════════════════════════════════════════════════════════════════════════════╗
║                                              TABLE 3: STATISTICAL SUMMARY                                                      ║
╠════════════════════════════════╤═════════════════════════════════════╤═════════════════════════════════════════════════════════╣
║ Metric                         │     LOS (mean ± std)                │     NLOS (mean ± std)               │    ALL            ║
╠════════════════════════════════╪═════════════════════════════════════╪═════════════════════════════════════════════════════════╣
║ PL - NYU (SUM)                 │  109.2 ±   5.4 dB                    │  127.3 ±   8.8 dB                    │  116.5 ±  11.3 dB  ║
║ PL - USC (perDelayMax)         │  110.8 ±   5.7 dB                    │  128.8 ±   8.2 dB                    │  118.1 ±  11.2 dB  ║
║ Δ PL (NYU - USC)               │   -1.6 ±   0.5 dB                    │   -1.5 ±   1.0 dB                    │   -1.6 ±   0.7 dB  ║
╠════════════════════════════════╪═════════════════════════════════════╪═════════════════════════════════════════════════════════╣
║ DS - NYU (SUM)                 │  11.60 ±  8.93 ns                    │  20.83 ± 16.26 ns                    │  15.36 ± 13.00 ns  ║
║ DS - USC (perDelayMax)         │  12.14 ±  9.03 ns                    │  22.65 ± 17.15 ns                    │  16.42 ± 13.71 ns  ║
╠════════════════════════════════╪═════════════════════════════════════╪═════════════════════════════════════════════════════════╣
║ ASA - NYU 10dB                 │    7.4 ±  12.2 deg                   │   35.7 ±  25.2 deg                   │   18.9 ±  23.0 deg ║
║ ASA - NYU 20dB                 │    9.6 ±  12.6 deg                   │   34.0 ±  22.3 deg                   │   19.6 ±  20.8 deg ║
║ ASA - USC (no threshold)       │   10.8 ±  11.0 deg                   │   32.9 ±  22.7 deg                   │   19.8 ±  19.7 deg ║
╚════════════════════════════════╧═════════════════════════════════════╧═════════════════════════════════════════════════════════╝


  CSV results exported to: D:\unified-channel-analysis\matlab\processing\nyu_142\Results\NYU142GHz_Method_Comparison_Results.csv
  Excel results exported to: D:\unified-channel-analysis\matlab\processing\nyu_142\Results\NYU142GHz_Method_Comparison_Results.xlsx

═══════════════════════════════════════════════════════════════════════
  PROCESSING COMPLETE
═══════════════════════════════════════════════════════════════════════
  Figures saved to: D:\unified-channel-analysis\matlab\processing\nyu_142\Figures
  Results saved to: D:\unified-channel-analysis\matlab\processing\nyu_142\Results
  CSV exported to: D:\unified-channel-analysis\matlab\processing\nyu_142\Results\NYU142GHz_Method_Comparison_Results.csv
  Excel exported to: D:\unified-channel-analysis\matlab\processing\nyu_142\Results\NYU142GHz_Method_Comparison_Results.xlsx
═══════════════════════════════════════════════════════════════════════
[sweep]   ok (1.5 min) -> D:\unified-channel-analysis\figures\matlab\sweep\nyu142_N08_P25.csv
[sweep] NYU142GHz_Method_Comparison  <-  {"thres_above_noise":10}
Loaded TX power table: 27 unique TX-RX pairs
[sweep] NYU142 config override: {"thres_above_noise":10}
═══════════════════════════════════════════════════════════════════════
  NYU 142GHz Data: Method Comparison Configuration
═══════════════════════════════════════════════════════════════════════
  PDP Threshold: max(25 dB below peak, 10 dB above noise) [NYU method]
  Omni Synthesis: NYU=SUM, USC=perDelayMax
  PAS Thresholds: 10 dB, 15 dB, 20 dB (NYU only)
  TX Power: VARIES per TX-RX pair (from CSV), Ant Gain: TX=27 dB, RX=27 dB
  TX Power lookup table loaded: 27 unique TX-RX pairs
  Antenna patterns loaded: Azimuth (181 points), Elevation (181 points)
═══════════════════════════════════════════════════════════════════════

╔═══════════════════════════════════════════════════════════════════════╗
║         Processing NYU 142GHz Data with NYU and USC Methods          ║
╚═══════════════════════════════════════════════════════════════════════╝

Found 27 TX-RX location files

Processing [ 1/27] T1-R1 (Ptx=-3.50 dBm) ... LOS | PL: NYU=103.3, USC=103.7 | DS: NYU=6.3, USC=6.6 ns
Processing [ 2/27] T1-R14 (Ptx=-1.20 dBm) ... NLOS | PL: NYU=132.6, USC=133.1 | DS: NYU=11.4, USC=11.1 ns
Processing [ 3/27] T1-R16 (Ptx=-1.20 dBm) ... NLOS | PL: NYU=127.8, USC=128.6 | DS: NYU=16.7, USC=18.3 ns
Processing [ 4/27] T1-R18 (Ptx=-1.20 dBm) ... NLOS | PL: NYU=141.6, USC=142.8 | DS: NYU=54.6, USC=54.0 ns
Processing [ 5/27] T1-R23 (Ptx=-1.50 dBm) ... LOS | PL: NYU=110.9, USC=112.7 | DS: NYU=21.6, USC=22.6 ns
Processing [ 6/27] T1-R27 (Ptx=-1.87 dBm) ... LOS | PL: NYU=104.4, USC=106.2 | DS: NYU=4.8, USC=5.8 ns
Processing [ 7/27] T1-R31 (Ptx=-1.87 dBm) ... LOS | PL: NYU=105.1, USC=106.4 | DS: NYU=9.6, USC=9.9 ns
Processing [ 8/27] T1-R5 (Ptx=-3.50 dBm) ... LOS | PL: NYU=102.7, USC=103.3 | DS: NYU=2.3, USC=2.0 ns
Processing [ 9/27] T1-R9 (Ptx=-1.50 dBm) ... NLOS | PL: NYU=127.7, USC=128.4 | DS: NYU=5.0, USC=4.8 ns
Processing [10/27] T2-R1 (Ptx=-2.00 dBm) ... LOS | PL: NYU=112.1, USC=113.6 | DS: NYU=22.8, USC=21.6 ns
Processing [11/27] T2-R35 (Ptx=-2.00 dBm) ... LOS | PL: NYU=109.3, USC=110.8 | DS: NYU=23.8, USC=27.0 ns
Processing [12/27] T2-R36 (Ptx=-2.00 dBm) ... LOS | PL: NYU=105.8, USC=106.8 | DS: NYU=13.3, USC=14.6 ns
Processing [13/27] T3-R1 (Ptx=-1.37 dBm) ... NLOS | PL: NYU=132.2, USC=134.0 | DS: NYU=15.3, USC=15.4 ns
Processing [14/27] T3-R35 (Ptx=-1.37 dBm) ... LOS | PL: NYU=116.9, USC=118.8 | DS: NYU=26.6, USC=26.3 ns
Processing [15/27] T3-R36 (Ptx=-1.37 dBm) ... LOS | PL: NYU=115.2, USC=117.1 | DS: NYU=0.7, USC=0.7 ns
Processing [16/27] T3-R37 (Ptx=-1.37 dBm) ... LOS | PL: NYU=120.9, USC=122.9 | DS: NYU=1.4, USC=1.7 ns
Processing [17/27] T4-R1 (Ptx=-1.72 dBm) ... NLOS | PL: NYU=129.4, USC=129.9 | DS: NYU=0.6, USC=0.7 ns
Processing [18/27] T4-R3 (Ptx=-1.72 dBm) ... LOS | PL: NYU=113.4, USC=115.8 | DS: NYU=0.9, USC=1.0 ns
Processing [19/27] T4-R37 (Ptx=-1.72 dBm) ... LOS | PL: NYU=105.6, USC=106.9 | DS: NYU=7.9, USC=7.6 ns
Processing [20/27] T4-R38 (Ptx=-1.72 dBm) ... NLOS | PL: NYU=352.3, USC=352.3 | DS: NYU=0.0, USC=0.0 ns
Processing [21/27] T5-R1 (Ptx=-3.00 dBm) ... NLOS | PL: NYU=116.0, USC=117.3 | DS: NYU=34.9, USC=37.0 ns
Processing [22/27] T5-R10 (Ptx=-3.00 dBm) ... NLOS | PL: NYU=123.8, USC=127.3 | DS: NYU=23.5, USC=34.5 ns
Processing [23/27] T5-R3 (Ptx=-3.00 dBm) ... LOS | PL: NYU=107.3, USC=109.0 | DS: NYU=7.9, USC=8.5 ns
Processing [24/27] T5-R35 (Ptx=-3.00 dBm) ... LOS | PL: NYU=111.0, USC=112.3 | DS: NYU=1.0, USC=1.0 ns
Processing [25/27] T6-R1 (Ptx=-1.55 dBm) ... LOS | PL: NYU=104.3, USC=106.6 | DS: NYU=6.3, USC=8.2 ns
Processing [26/27] T6-R39 (Ptx=-1.55 dBm) ... NLOS | PL: NYU=113.4, USC=115.6 | DS: NYU=22.9, USC=22.8 ns
Processing [27/27] T6-R40 (Ptx=-1.55 dBm) ... NLOS | PL: NYU=120.7, USC=123.2 | DS: NYU=22.8, USC=29.2 ns

Processing complete!

╔═══════════════════════════════════════════════════════════════════════════════════════════════════════╗
║                               TABLE 1: METHOD COMPARISON SUMMARY                                       ║
╠════════════════════════╤═══════════════════════════════════╤═══════════════════════════════════════════╣
║ Aspect                 │ NYU Method                        │ USC Method                                ║
╠════════════════════════╪═══════════════════════════════════╪═══════════════════════════════════════════╣
║ PDP Threshold          │ max(25dB below pk, 5dB abv noise) │ SAME (NYU method)                         ║
║ Omni Synthesis         │ SUM across all directions         │ perDelayMax (max per delay)               ║
║ PAS Threshold          │ 10/15/20 dB below peak            │ NONE                                      ║
║ Lobe Expansion         │ Antenna pattern-based (HPBW=8°)   │ NONE                                      ║
║ AS Formula             │ 3GPP: sqrt(-2*ln(R))              │ SAME                                      ║
╚════════════════════════╧═══════════════════════════════════╧═══════════════════════════════════════════╝

╔════════════════════════════════════════════════════════════════════════════════════════════════════════════════════════════════════════════╗
║                                              TABLE 2: PER TX-RX PAIR RESULTS                                                               ║
╠═════════╤═══════╤═══════════════════╤═══════════════════╤═════════════════════════════════════════════════════════════════════════════════╣
║  TX-RX  │  Env  │   Path Loss (dB)  │ Delay Spread (ns) │                    Angular Spread (degrees)                                      ║
║         │       │   NYU  │   USC    │   NYU  │   USC    │  ASA-10  │  ASA-15  │  ASA-20  │ ASA-USC │  ASD-10  │  ASD-15  │  ASD-20  │ ASD-USC║
╠═════════╪═══════╪════════╪══════════╪════════╪══════════╪══════════╪══════════╪══════════╪═════════╪══════════╪══════════╪══════════╪════════╣
║ T1-R1   │ LOS   │  103.3 │  103.7   │   6.27 │   6.61   │     3.3  │     3.1  │    10.2  │    8.1  │     3.3  │     2.7  │     9.5  │    7.4 ║
║ T1-R14  │ NLOS  │  132.6 │  133.1   │  11.41 │  11.06   │    53.6  │    51.6  │    49.4  │   48.0  │     3.3  │     2.7  │     2.0  │    0.0 ║
║ T1-R16  │ NLOS  │  127.8 │  128.6   │  16.66 │  18.26   │    49.2  │    43.4  │    40.5  │   38.9  │     3.3  │     2.7  │     2.0  │    0.0 ║
║ T1-R18  │ NLOS  │  141.6 │  142.8   │  54.61 │  54.00   │    46.6  │    46.8  │    46.9  │   46.9  │     9.3  │     8.9  │     8.7  │    8.4 ║
║ T1-R23  │ LOS   │  110.9 │  112.7   │  21.56 │  22.60   │    52.0  │    48.2  │    50.7  │   48.1  │     5.4  │     6.3  │     5.8  │    5.1 ║
║ T1-R27  │ LOS   │  104.4 │  106.2   │   4.80 │   5.83   │     3.3  │     3.6  │     3.1  │    4.5  │     3.3  │     2.7  │     2.0  │    0.5 ║
║ T1-R31  │ LOS   │  105.1 │  106.4   │   9.57 │   9.94   │     3.3  │     4.1  │     3.5  │    5.9  │     3.3  │     2.7  │     2.0  │    3.5 ║
║ T1-R5   │ LOS   │  102.7 │  103.3   │   2.35 │   1.98   │     3.3  │     2.7  │     2.0  │    6.8  │     3.3  │     2.7  │     2.9  │    1.7 ║
║ T1-R9   │ NLOS  │  127.7 │  128.4   │   5.01 │   4.78   │    58.8  │    55.2  │    51.8  │   50.1  │     3.3  │     2.7  │     2.0  │    0.0 ║
║ T2-R1   │ LOS   │  112.1 │  113.6   │  22.83 │  21.63   │     3.3  │     3.7  │     5.2  │    7.7  │     3.3  │     2.9  │     5.0  │    4.8 ║
║ T2-R35  │ LOS   │  109.3 │  110.8   │  23.81 │  26.96   │     3.3  │     4.0  │    26.6  │   22.1  │     3.3  │     3.2  │     7.3  │    6.3 ║
║ T2-R36  │ LOS   │  105.8 │  106.8   │  13.32 │  14.63   │     3.3  │     3.5  │     3.1  │    8.7  │     3.3  │     3.3  │     3.5  │    3.7 ║
║ T3-R1   │ NLOS  │  132.2 │  134.0   │  15.26 │  15.39   │    10.8  │    10.7  │    10.5  │   10.3  │     6.3  │     5.6  │     5.3  │    4.9 ║
║ T3-R35  │ LOS   │  116.9 │  118.8   │  26.55 │  26.31   │    13.4  │    12.3  │    12.2  │   11.8  │    24.9  │    22.6  │    21.6  │   21.1 ║
║ T3-R36  │ LOS   │  115.2 │  117.1   │   0.72 │   0.72   │     3.3  │     3.6  │     3.1  │    2.5  │     3.3  │     3.1  │     2.8  │    2.2 ║
║ T3-R37  │ LOS   │  120.9 │  122.9   │   1.42 │   1.72   │     3.3  │     3.5  │     3.1  │    2.9  │     3.3  │     3.1  │     2.5  │    1.7 ║
║ T4-R1   │ NLOS  │  129.4 │  129.9   │   0.64 │   0.67   │     3.3  │     2.7  │     2.0  │    0.0  │     4.2  │     3.8  │     3.2  │    2.5 ║
║ T4-R3   │ LOS   │  113.4 │  115.8   │   0.93 │   0.99   │     4.9  │     4.6  │     4.0  │    3.5  │     3.3  │     3.5  │     2.9  │    2.2 ║
║ T4-R37  │ LOS   │  105.6 │  106.9   │   7.91 │   7.58   │     7.4  │    13.2  │    11.1  │   10.2  │    13.6  │    14.3  │    14.0  │   13.4 ║
║ T4-R38  │ NLOS  │  352.3 │  352.3   │   0.00 │   0.00   │     0.0  │     0.0  │     0.0  │    0.0  │     0.0  │     0.0  │     0.0  │    0.0 ║
║ T5-R1   │ NLOS  │  116.0 │  117.3   │  34.94 │  37.01   │    56.5  │    51.7  │    47.6  │   45.3  │    10.2  │     9.9  │     9.8  │    9.3 ║
║ T5-R10  │ NLOS  │  123.8 │  127.3   │  23.53 │  34.48   │     5.2  │     4.6  │    18.2  │   13.7  │     5.2  │     4.7  │     9.4  │    8.4 ║
║ T5-R3   │ LOS   │  107.3 │  109.0   │   7.95 │   8.54   │     3.3  │     8.7  │     7.7  │    7.8  │     3.3  │     8.4  │     8.2  │    7.6 ║
║ T5-R35  │ LOS   │  111.0 │  112.3   │   1.01 │   1.01   │     3.3  │     4.0  │     3.4  │    2.9  │     3.3  │     3.5  │     2.8  │    2.5 ║
║ T6-R1   │ LOS   │  104.3 │  106.6   │   6.30 │   8.22   │     4.7  │     4.5  │     4.0  │    5.1  │     4.8  │     4.6  │     4.2  │    3.8 ║
║ T6-R39  │ NLOS  │  113.4 │  115.6   │  22.86 │  22.79   │    61.3  │    61.1  │    61.2  │   61.2  │    31.8  │    31.0  │    31.1  │   30.9 ║
║ T6-R40  │ NLOS  │  120.7 │  123.2   │  22.81 │  29.18   │    34.3  │    29.7  │    28.3  │   27.1  │     3.3  │    26.3  │    23.5  │   20.7 ║
╚═════════╧═══════╧════════╧══════════╧════════╧══════════╧══════════╧══════════╧══════════╧═════════╧══════════╧══════════╧══════════╧════════╝

╔═══════════════════════════════════════════════════════════════════════════════════════════════════════════════════════════════╗
║                                              TABLE 3: STATISTICAL SUMMARY                                                      ║
╠════════════════════════════════╤═════════════════════════════════════╤═════════════════════════════════════════════════════════╣
║ Metric                         │     LOS (mean ± std)                │     NLOS (mean ± std)               │    ALL            ║
╠════════════════════════════════╪═════════════════════════════════════╪═════════════════════════════════════════════════════════╣
║ PL - NYU (SUM)                 │  109.3 ±   5.4 dB                    │  147.1 ±  68.5 dB                    │  124.7 ±  46.7 dB  ║
║ PL - USC (perDelayMax)         │  110.8 ±   5.7 dB                    │  148.4 ±  68.0 dB                    │  126.1 ±  46.4 dB  ║
║ Δ PL (NYU - USC)               │   -1.5 ±   0.5 dB                    │   -1.4 ±   1.0 dB                    │   -1.5 ±   0.8 dB  ║
╠════════════════════════════════╪═════════════════════════════════════╪═════════════════════════════════════════════════════════╣
║ DS - NYU (SUM)                 │   9.83 ±  9.01 ns                    │  18.88 ± 15.94 ns                    │  13.52 ± 12.85 ns  ║
║ DS - USC (perDelayMax)         │  10.33 ±  9.27 ns                    │  20.69 ± 16.89 ns                    │  14.55 ± 13.64 ns  ║
╠════════════════════════════════╪═════════════════════════════════════╪═════════════════════════════════════════════════════════╣
║ ASA - NYU 10dB                 │    7.4 ±  12.2 deg                   │   34.5 ±  24.7 deg                   │   18.4 ±  22.5 deg ║
║ ASA - NYU 20dB                 │    9.6 ±  12.6 deg                   │   32.4 ±  21.6 deg                   │   18.9 ±  20.0 deg ║
║ ASA - USC (no threshold)       │    9.9 ±  11.2 deg                   │   31.0 ±  21.8 deg                   │   18.5 ±  19.2 deg ║
╚════════════════════════════════╧═════════════════════════════════════╧═════════════════════════════════════════════════════════╝


  CSV results exported to: D:\unified-channel-analysis\matlab\processing\nyu_142\Results\NYU142GHz_Method_Comparison_Results.csv
  Excel results exported to: D:\unified-channel-analysis\matlab\processing\nyu_142\Results\NYU142GHz_Method_Comparison_Results.xlsx

═══════════════════════════════════════════════════════════════════════
  PROCESSING COMPLETE
═══════════════════════════════════════════════════════════════════════
  Figures saved to: D:\unified-channel-analysis\matlab\processing\nyu_142\Figures
  Results saved to: D:\unified-channel-analysis\matlab\processing\nyu_142\Results
  CSV exported to: D:\unified-channel-analysis\matlab\processing\nyu_142\Results\NYU142GHz_Method_Comparison_Results.csv
  Excel exported to: D:\unified-channel-analysis\matlab\processing\nyu_142\Results\NYU142GHz_Method_Comparison_Results.xlsx
═══════════════════════════════════════════════════════════════════════
[sweep]   ok (1.5 min) -> D:\unified-channel-analysis\figures\matlab\sweep\nyu142_N10_P25.csv
[sweep] NYU142GHz_Method_Comparison  <-  {"thres_above_noise":15}
Loaded TX power table: 27 unique TX-RX pairs
[sweep] NYU142 config override: {"thres_above_noise":15}
═══════════════════════════════════════════════════════════════════════
  NYU 142GHz Data: Method Comparison Configuration
═══════════════════════════════════════════════════════════════════════
  PDP Threshold: max(25 dB below peak, 15 dB above noise) [NYU method]
  Omni Synthesis: NYU=SUM, USC=perDelayMax
  PAS Thresholds: 10 dB, 15 dB, 20 dB (NYU only)
  TX Power: VARIES per TX-RX pair (from CSV), Ant Gain: TX=27 dB, RX=27 dB
  TX Power lookup table loaded: 27 unique TX-RX pairs
  Antenna patterns loaded: Azimuth (181 points), Elevation (181 points)
═══════════════════════════════════════════════════════════════════════

╔═══════════════════════════════════════════════════════════════════════╗
║         Processing NYU 142GHz Data with NYU and USC Methods          ║
╚═══════════════════════════════════════════════════════════════════════╝

Found 27 TX-RX location files

Processing [ 1/27] T1-R1 (Ptx=-3.50 dBm) ... LOS | PL: NYU=103.8, USC=104.1 | DS: NYU=5.7, USC=5.9 ns
Processing [ 2/27] T1-R14 (Ptx=-1.20 dBm) ... NLOS | PL: NYU=135.0, USC=135.0 | DS: NYU=0.5, USC=0.5 ns
Processing [ 3/27] T1-R16 (Ptx=-1.20 dBm) ... NLOS | PL: NYU=128.8, USC=129.2 | DS: NYU=15.8, USC=16.5 ns
Processing [ 4/27] T1-R18 (Ptx=-1.20 dBm) ... NLOS | PL: NYU=352.8, USC=352.8 | DS: NYU=0.0, USC=0.0 ns
Processing [ 5/27] T1-R23 (Ptx=-1.50 dBm) ... LOS | PL: NYU=111.0, USC=112.7 | DS: NYU=21.4, USC=22.6 ns
Processing [ 6/27] T1-R27 (Ptx=-1.87 dBm) ... LOS | PL: NYU=104.5, USC=106.2 | DS: NYU=3.3, USC=3.9 ns
Processing [ 7/27] T1-R31 (Ptx=-1.87 dBm) ... LOS | PL: NYU=105.2, USC=106.4 | DS: NYU=3.8, USC=4.0 ns
Processing [ 8/27] T1-R5 (Ptx=-3.50 dBm) ... LOS | PL: NYU=103.1, USC=103.7 | DS: NYU=0.6, USC=0.6 ns
Processing [ 9/27] T1-R9 (Ptx=-1.50 dBm) ... NLOS | PL: NYU=129.4, USC=129.4 | DS: NYU=0.6, USC=0.6 ns
Processing [10/27] T2-R1 (Ptx=-2.00 dBm) ... LOS | PL: NYU=112.3, USC=113.7 | DS: NYU=3.9, USC=4.3 ns
Processing [11/27] T2-R35 (Ptx=-2.00 dBm) ... LOS | PL: NYU=109.4, USC=110.9 | DS: NYU=20.8, USC=23.9 ns
Processing [12/27] T2-R36 (Ptx=-2.00 dBm) ... LOS | PL: NYU=106.3, USC=107.0 | DS: NYU=6.6, USC=6.8 ns
Processing [13/27] T3-R1 (Ptx=-1.37 dBm) ... NLOS | PL: NYU=137.6, USC=137.6 | DS: NYU=0.3, USC=0.3 ns
Processing [14/27] T3-R35 (Ptx=-1.37 dBm) ... LOS | PL: NYU=117.2, USC=118.9 | DS: NYU=25.3, USC=26.3 ns
Processing [15/27] T3-R36 (Ptx=-1.37 dBm) ... LOS | PL: NYU=115.4, USC=117.1 | DS: NYU=0.7, USC=0.7 ns
Processing [16/27] T3-R37 (Ptx=-1.37 dBm) ... LOS | PL: NYU=121.3, USC=123.1 | DS: NYU=0.6, USC=0.7 ns
Processing [17/27] T4-R1 (Ptx=-1.72 dBm) ... NLOS | PL: NYU=130.5, USC=130.5 | DS: NYU=0.5, USC=0.5 ns
Processing [18/27] T4-R3 (Ptx=-1.72 dBm) ... LOS | PL: NYU=113.6, USC=115.9 | DS: NYU=0.8, USC=0.9 ns
Processing [19/27] T4-R37 (Ptx=-1.72 dBm) ... LOS | PL: NYU=106.0, USC=107.1 | DS: NYU=8.0, USC=7.7 ns
Processing [20/27] T4-R38 (Ptx=-1.72 dBm) ... NLOS | PL: NYU=352.3, USC=352.3 | DS: NYU=0.0, USC=0.0 ns
Processing [21/27] T5-R1 (Ptx=-3.00 dBm) ... NLOS | PL: NYU=116.6, USC=117.6 | DS: NYU=32.0, USC=33.0 ns
Processing [22/27] T5-R10 (Ptx=-3.00 dBm) ... NLOS | PL: NYU=124.5, USC=128.0 | DS: NYU=0.6, USC=0.6 ns
Processing [23/27] T5-R3 (Ptx=-3.00 dBm) ... LOS | PL: NYU=107.4, USC=109.0 | DS: NYU=7.0, USC=7.3 ns
Processing [24/27] T5-R35 (Ptx=-3.00 dBm) ... LOS | PL: NYU=111.3, USC=112.4 | DS: NYU=0.7, USC=0.7 ns
Processing [25/27] T6-R1 (Ptx=-1.55 dBm) ... LOS | PL: NYU=104.9, USC=106.7 | DS: NYU=0.7, USC=0.7 ns
Processing [26/27] T6-R39 (Ptx=-1.55 dBm) ... NLOS | PL: NYU=113.8, USC=115.8 | DS: NYU=22.8, USC=22.8 ns
Processing [27/27] T6-R40 (Ptx=-1.55 dBm) ... NLOS | PL: NYU=121.7, USC=123.8 | DS: NYU=11.1, USC=13.8 ns

Processing complete!

╔═══════════════════════════════════════════════════════════════════════════════════════════════════════╗
║                               TABLE 1: METHOD COMPARISON SUMMARY                                       ║
╠════════════════════════╤═══════════════════════════════════╤═══════════════════════════════════════════╣
║ Aspect                 │ NYU Method                        │ USC Method                                ║
╠════════════════════════╪═══════════════════════════════════╪═══════════════════════════════════════════╣
║ PDP Threshold          │ max(25dB below pk, 5dB abv noise) │ SAME (NYU method)                         ║
║ Omni Synthesis         │ SUM across all directions         │ perDelayMax (max per delay)               ║
║ PAS Threshold          │ 10/15/20 dB below peak            │ NONE                                      ║
║ Lobe Expansion         │ Antenna pattern-based (HPBW=8°)   │ NONE                                      ║
║ AS Formula             │ 3GPP: sqrt(-2*ln(R))              │ SAME                                      ║
╚════════════════════════╧═══════════════════════════════════╧═══════════════════════════════════════════╝

╔════════════════════════════════════════════════════════════════════════════════════════════════════════════════════════════════════════════╗
║                                              TABLE 2: PER TX-RX PAIR RESULTS                                                               ║
╠═════════╤═══════╤═══════════════════╤═══════════════════╤═════════════════════════════════════════════════════════════════════════════════╣
║  TX-RX  │  Env  │   Path Loss (dB)  │ Delay Spread (ns) │                    Angular Spread (degrees)                                      ║
║         │       │   NYU  │   USC    │   NYU  │   USC    │  ASA-10  │  ASA-15  │  ASA-20  │ ASA-USC │  ASD-10  │  ASD-15  │  ASD-20  │ ASD-USC║
╠═════════╪═══════╪════════╪══════════╪════════╪══════════╪══════════╪══════════╪══════════╪═════════╪══════════╪══════════╪══════════╪════════╣
║ T1-R1   │ LOS   │  103.8 │  104.1   │   5.69 │   5.86   │     3.3  │     2.7  │     9.6  │    7.1  │     3.3  │     2.7  │     9.0  │    6.7 ║
║ T1-R14  │ NLOS  │  135.0 │  135.0   │   0.52 │   0.52   │     3.3  │     2.7  │     2.0  │    0.0  │     3.3  │     2.7  │     2.0  │    0.0 ║
║ T1-R16  │ NLOS  │  128.8 │  129.2   │  15.80 │  16.55   │    30.5  │    41.3  │    37.6  │   35.4  │     3.3  │     2.7  │     2.0  │    0.0 ║
║ T1-R18  │ NLOS  │  352.8 │  352.8   │   0.00 │   0.00   │     0.0  │     0.0  │     0.0  │    0.0  │     0.0  │     0.0  │     0.0  │    0.0 ║
║ T1-R23  │ LOS   │  111.0 │  112.7   │  21.40 │  22.58   │    51.8  │    46.2  │    50.0  │   47.2  │     5.4  │     6.3  │     5.7  │    5.0 ║
║ T1-R27  │ LOS   │  104.5 │  106.2   │   3.27 │   3.94   │     3.3  │     3.5  │     3.0  │    3.5  │     3.3  │     2.7  │     2.0  │    0.0 ║
║ T1-R31  │ LOS   │  105.2 │  106.4   │   3.80 │   3.97   │     3.3  │     4.1  │     3.5  │    4.0  │     3.3  │     2.7  │     2.0  │    2.6 ║
║ T1-R5   │ LOS   │  103.1 │  103.7   │   0.59 │   0.60   │     3.3  │     2.7  │     2.0  │    0.0  │     3.3  │     2.7  │     2.0  │    0.9 ║
║ T1-R9   │ NLOS  │  129.4 │  129.4   │   0.63 │   0.63   │     3.3  │     2.7  │     2.0  │    0.0  │     3.3  │     2.7  │     2.0  │    0.0 ║
║ T2-R1   │ LOS   │  112.3 │  113.7   │   3.93 │   4.25   │     3.3  │     3.6  │     5.0  │    3.6  │     3.3  │     2.7  │     4.8  │    3.3 ║
║ T2-R35  │ LOS   │  109.4 │  110.9   │  20.84 │  23.91   │     3.3  │     3.9  │    25.7  │   19.7  │     3.3  │     3.1  │     6.9  │    5.9 ║
║ T2-R36  │ LOS   │  106.3 │  107.0   │   6.57 │   6.84   │     3.3  │     2.7  │     2.1  │    3.1  │     3.3  │     3.4  │     3.5  │    3.5 ║
║ T3-R1   │ NLOS  │  137.6 │  137.6   │   0.35 │   0.35   │     3.3  │     2.7  │     2.0  │    0.0  │     3.3  │     2.7  │     2.0  │    0.0 ║
║ T3-R35  │ LOS   │  117.2 │  118.9   │  25.29 │  26.27   │    13.3  │    12.2  │    11.6  │   11.1  │    24.4  │    22.1  │    20.8  │   20.1 ║
║ T3-R36  │ LOS   │  115.4 │  117.1   │   0.70 │   0.72   │     3.3  │     3.3  │     2.9  │    2.2  │     3.3  │     3.1  │     2.7  │    2.1 ║
║ T3-R37  │ LOS   │  121.3 │  123.1   │   0.65 │   0.67   │     3.3  │     3.3  │     2.8  │    2.0  │     3.3  │     2.9  │     2.4  │    1.5 ║
║ T4-R1   │ NLOS  │  130.5 │  130.5   │   0.53 │   0.53   │     3.3  │     2.7  │     2.0  │    0.0  │     3.3  │     2.7  │     2.0  │    0.0 ║
║ T4-R3   │ LOS   │  113.6 │  115.9   │   0.81 │   0.85   │     4.0  │     4.3  │     3.8  │    3.3  │     3.3  │     3.5  │     2.8  │    2.0 ║
║ T4-R37  │ LOS   │  106.0 │  107.1   │   7.97 │   7.72   │     7.4  │    13.3  │    11.3  │   10.2  │    13.7  │    14.5  │    14.2  │   13.6 ║
║ T4-R38  │ NLOS  │  352.3 │  352.3   │   0.00 │   0.00   │     0.0  │     0.0  │     0.0  │    0.0  │     0.0  │     0.0  │     0.0  │    0.0 ║
║ T5-R1   │ NLOS  │  116.6 │  117.6   │  31.97 │  33.05   │    55.6  │    47.5  │    45.8  │   43.3  │    10.0  │     9.6  │     9.2  │    8.9 ║
║ T5-R10  │ NLOS  │  124.5 │  128.0   │   0.64 │   0.65   │     5.2  │     4.5  │     4.1  │    3.6  │     5.2  │     4.6  │     4.2  │    3.8 ║
║ T5-R3   │ LOS   │  107.4 │  109.0   │   6.95 │   7.31   │     3.3  │     8.6  │     7.7  │    7.2  │     3.3  │     8.3  │     8.1  │    7.3 ║
║ T5-R35  │ LOS   │  111.3 │  112.4   │   0.69 │   0.70   │     3.3  │     3.3  │     3.0  │    2.4  │     3.3  │     3.3  │     2.8  │    2.0 ║
║ T6-R1   │ LOS   │  104.9 │  106.7   │   0.66 │   0.68   │     4.4  │     3.8  │     3.2  │    2.6  │     4.7  │     4.6  │     4.1  │    3.6 ║
║ T6-R39  │ NLOS  │  113.8 │  115.8   │  22.84 │  22.79   │    61.4  │    60.9  │    60.8  │   60.6  │    31.6  │    30.9  │    30.9  │   30.7 ║
║ T6-R40  │ NLOS  │  121.7 │  123.8   │  11.13 │  13.80   │    32.5  │    26.9  │    24.3  │   22.8  │     3.3  │    25.3  │    20.7  │   18.1 ║
╚═════════╧═══════╧════════╧══════════╧════════╧══════════╧══════════╧══════════╧══════════╧═════════╧══════════╧══════════╧══════════╧════════╝

╔═══════════════════════════════════════════════════════════════════════════════════════════════════════════════════════════════╗
║                                              TABLE 3: STATISTICAL SUMMARY                                                      ║
╠════════════════════════════════╤═════════════════════════════════════╤═════════════════════════════════════════════════════════╣
║ Metric                         │     LOS (mean ± std)                │     NLOS (mean ± std)               │    ALL            ║
╠════════════════════════════════╪═════════════════════════════════════╪═════════════════════════════════════════════════════════╣
║ PL - NYU (SUM)                 │  109.5 ±   5.4 dB                    │  167.5 ±  91.7 dB                    │  133.2 ±  64.0 dB  ║
║ PL - USC (perDelayMax)         │  110.9 ±   5.7 dB                    │  168.4 ±  91.3 dB                    │  134.3 ±  63.6 dB  ║
║ Δ PL (NYU - USC)               │   -1.4 ±   0.5 dB                    │   -0.8 ±   1.2 dB                    │   -1.2 ±   0.9 dB  ║
╠════════════════════════════════╪═════════════════════════════════════╪═════════════════════════════════════════════════════════╣
║ DS - NYU (SUM)                 │   6.86 ±  8.20 ns                    │   7.67 ± 11.27 ns                    │   7.19 ±  9.37 ns  ║
║ DS - USC (perDelayMax)         │   7.30 ±  8.81 ns                    │   8.08 ± 11.66 ns                    │   7.62 ±  9.86 ns  ║
╠════════════════════════════════╪═════════════════════════════════════╪═════════════════════════════════════════════════════════╣
║ ASA - NYU 10dB                 │    7.3 ±  12.2 deg                   │   18.0 ±  23.1 deg                   │   11.7 ±  17.9 deg ║
║ ASA - NYU 20dB                 │    9.2 ±  12.4 deg                   │   16.4 ±  22.1 deg                   │   12.1 ±  17.0 deg ║
║ ASA - USC (no threshold)       │    8.1 ±  11.5 deg                   │   15.1 ±  22.0 deg                   │   10.9 ±  16.6 deg ║
╚════════════════════════════════╧═════════════════════════════════════╧═════════════════════════════════════════════════════════╝


  CSV results exported to: D:\unified-channel-analysis\matlab\processing\nyu_142\Results\NYU142GHz_Method_Comparison_Results.csv
  Excel results exported to: D:\unified-channel-analysis\matlab\processing\nyu_142\Results\NYU142GHz_Method_Comparison_Results.xlsx

═══════════════════════════════════════════════════════════════════════
  PROCESSING COMPLETE
═══════════════════════════════════════════════════════════════════════
  Figures saved to: D:\unified-channel-analysis\matlab\processing\nyu_142\Figures
  Results saved to: D:\unified-channel-analysis\matlab\processing\nyu_142\Results
  CSV exported to: D:\unified-channel-analysis\matlab\processing\nyu_142\Results\NYU142GHz_Method_Comparison_Results.csv
  Excel exported to: D:\unified-channel-analysis\matlab\processing\nyu_142\Results\NYU142GHz_Method_Comparison_Results.xlsx
═══════════════════════════════════════════════════════════════════════
[sweep]   ok (1.5 min) -> D:\unified-channel-analysis\figures\matlab\sweep\nyu142_N15_P25.csv
[sweep] NYU142GHz_Method_Comparison  <-  {"thres_above_noise":20}
Loaded TX power table: 27 unique TX-RX pairs
[sweep] NYU142 config override: {"thres_above_noise":20}
═══════════════════════════════════════════════════════════════════════
  NYU 142GHz Data: Method Comparison Configuration
═══════════════════════════════════════════════════════════════════════
  PDP Threshold: max(25 dB below peak, 20 dB above noise) [NYU method]
  Omni Synthesis: NYU=SUM, USC=perDelayMax
  PAS Thresholds: 10 dB, 15 dB, 20 dB (NYU only)
  TX Power: VARIES per TX-RX pair (from CSV), Ant Gain: TX=27 dB, RX=27 dB
  TX Power lookup table loaded: 27 unique TX-RX pairs
  Antenna patterns loaded: Azimuth (181 points), Elevation (181 points)
═══════════════════════════════════════════════════════════════════════

╔═══════════════════════════════════════════════════════════════════════╗
║         Processing NYU 142GHz Data with NYU and USC Methods          ║
╚═══════════════════════════════════════════════════════════════════════╝

Found 27 TX-RX location files

Processing [ 1/27] T1-R1 (Ptx=-3.50 dBm) ... LOS | PL: NYU=106.2, USC=106.2 | DS: NYU=0.3, USC=0.3 ns
Processing [ 2/27] T1-R14 (Ptx=-1.20 dBm) ... NLOS | PL: NYU=352.8, USC=352.8 | DS: NYU=0.0, USC=0.0 ns
Processing [ 3/27] T1-R16 (Ptx=-1.20 dBm) ... NLOS | PL: NYU=131.4, USC=131.4 | DS: NYU=0.6, USC=0.6 ns
Processing [ 4/27] T1-R18 (Ptx=-1.20 dBm) ... NLOS | PL: NYU=352.8, USC=352.8 | DS: NYU=0.0, USC=0.0 ns
Processing [ 5/27] T1-R23 (Ptx=-1.50 dBm) ... LOS | PL: NYU=111.2, USC=112.8 | DS: NYU=20.9, USC=22.5 ns
Processing [ 6/27] T1-R27 (Ptx=-1.87 dBm) ... LOS | PL: NYU=104.6, USC=106.2 | DS: NYU=0.7, USC=0.7 ns
Processing [ 7/27] T1-R31 (Ptx=-1.87 dBm) ... LOS | PL: NYU=105.4, USC=106.5 | DS: NYU=0.7, USC=0.7 ns
Processing [ 8/27] T1-R5 (Ptx=-3.50 dBm) ... LOS | PL: NYU=105.0, USC=105.2 | DS: NYU=0.4, USC=0.4 ns
Processing [ 9/27] T1-R9 (Ptx=-1.50 dBm) ... NLOS | PL: NYU=131.3, USC=131.3 | DS: NYU=0.3, USC=0.3 ns
Processing [10/27] T2-R1 (Ptx=-2.00 dBm) ... LOS | PL: NYU=112.4, USC=113.7 | DS: NYU=2.5, USC=2.9 ns
Processing [11/27] T2-R35 (Ptx=-2.00 dBm) ... LOS | PL: NYU=109.6, USC=111.0 | DS: NYU=18.0, USC=21.0 ns
Processing [12/27] T2-R36 (Ptx=-2.00 dBm) ... LOS | PL: NYU=106.7, USC=107.4 | DS: NYU=6.3, USC=6.7 ns
Processing [13/27] T3-R1 (Ptx=-1.37 dBm) ... NLOS | PL: NYU=352.6, USC=352.6 | DS: NYU=0.0, USC=0.0 ns
Processing [14/27] T3-R35 (Ptx=-1.37 dBm) ... LOS | PL: NYU=117.6, USC=119.1 | DS: NYU=23.6, USC=25.6 ns
Processing [15/27] T3-R36 (Ptx=-1.37 dBm) ... LOS | PL: NYU=115.7, USC=117.1 | DS: NYU=0.7, USC=0.7 ns
Processing [16/27] T3-R37 (Ptx=-1.37 dBm) ... LOS | PL: NYU=122.4, USC=123.3 | DS: NYU=0.6, USC=0.6 ns
Processing [17/27] T4-R1 (Ptx=-1.72 dBm) ... NLOS | PL: NYU=352.3, USC=352.3 | DS: NYU=0.0, USC=0.0 ns
Processing [18/27] T4-R3 (Ptx=-1.72 dBm) ... LOS | PL: NYU=114.3, USC=116.0 | DS: NYU=0.7, USC=0.7 ns
Processing [19/27] T4-R37 (Ptx=-1.72 dBm) ... LOS | PL: NYU=108.2, USC=109.1 | DS: NYU=9.0, USC=9.0 ns
Processing [20/27] T4-R38 (Ptx=-1.72 dBm) ... NLOS | PL: NYU=352.3, USC=352.3 | DS: NYU=0.0, USC=0.0 ns
Processing [21/27] T5-R1 (Ptx=-3.00 dBm) ... NLOS | PL: NYU=118.0, USC=118.4 | DS: NYU=25.4, USC=23.5 ns
Processing [22/27] T5-R10 (Ptx=-3.00 dBm) ... NLOS | PL: NYU=129.2, USC=129.2 | DS: NYU=0.4, USC=0.4 ns
Processing [23/27] T5-R3 (Ptx=-3.00 dBm) ... LOS | PL: NYU=107.6, USC=109.1 | DS: NYU=6.5, USC=7.2 ns
Processing [24/27] T5-R35 (Ptx=-3.00 dBm) ... LOS | PL: NYU=111.9, USC=112.5 | DS: NYU=0.6, USC=0.6 ns
Processing [25/27] T6-R1 (Ptx=-1.55 dBm) ... LOS | PL: NYU=106.2, USC=107.1 | DS: NYU=0.6, USC=0.6 ns
Processing [26/27] T6-R39 (Ptx=-1.55 dBm) ... NLOS | PL: NYU=114.3, USC=115.9 | DS: NYU=22.8, USC=22.9 ns
Processing [27/27] T6-R40 (Ptx=-1.55 dBm) ... NLOS | PL: NYU=123.4, USC=124.7 | DS: NYU=0.6, USC=0.6 ns

Processing complete!

╔═══════════════════════════════════════════════════════════════════════════════════════════════════════╗
║                               TABLE 1: METHOD COMPARISON SUMMARY                                       ║
╠════════════════════════╤═══════════════════════════════════╤═══════════════════════════════════════════╣
║ Aspect                 │ NYU Method                        │ USC Method                                ║
╠════════════════════════╪═══════════════════════════════════╪═══════════════════════════════════════════╣
║ PDP Threshold          │ max(25dB below pk, 5dB abv noise) │ SAME (NYU method)                         ║
║ Omni Synthesis         │ SUM across all directions         │ perDelayMax (max per delay)               ║
║ PAS Threshold          │ 10/15/20 dB below peak            │ NONE                                      ║
║ Lobe Expansion         │ Antenna pattern-based (HPBW=8°)   │ NONE                                      ║
║ AS Formula             │ 3GPP: sqrt(-2*ln(R))              │ SAME                                      ║
╚════════════════════════╧═══════════════════════════════════╧═══════════════════════════════════════════╝

╔════════════════════════════════════════════════════════════════════════════════════════════════════════════════════════════════════════════╗
║                                              TABLE 2: PER TX-RX PAIR RESULTS                                                               ║
╠═════════╤═══════╤═══════════════════╤═══════════════════╤═════════════════════════════════════════════════════════════════════════════════╣
║  TX-RX  │  Env  │   Path Loss (dB)  │ Delay Spread (ns) │                    Angular Spread (degrees)                                      ║
║         │       │   NYU  │   USC    │   NYU  │   USC    │  ASA-10  │  ASA-15  │  ASA-20  │ ASA-USC │  ASD-10  │  ASD-15  │  ASD-20  │ ASD-USC║
╠═════════╪═══════╪════════╪══════════╪════════╪══════════╪══════════╪══════════╪══════════╪═════════╪══════════╪══════════╪══════════╪════════╣
║ T1-R1   │ LOS   │  106.2 │  106.2   │   0.32 │   0.32   │     3.3  │     2.7  │     2.0  │    0.0  │     3.3  │     2.7  │     2.0  │    0.0 ║
║ T1-R14  │ NLOS  │  352.8 │  352.8   │   0.00 │   0.00   │     0.0  │     0.0  │     0.0  │    0.0  │     0.0  │     0.0  │     0.0  │    0.0 ║
║ T1-R16  │ NLOS  │  131.4 │  131.4   │   0.56 │   0.56   │     3.3  │     2.7  │     2.0  │    0.0  │     3.3  │     2.7  │     2.0  │    0.0 ║
║ T1-R18  │ NLOS  │  352.8 │  352.8   │   0.00 │   0.00   │     0.0  │     0.0  │     0.0  │    0.0  │     0.0  │     0.0  │     0.0  │    0.0 ║
║ T1-R23  │ LOS   │  111.2 │  112.8   │  20.90 │  22.48   │    51.2  │    45.2  │    48.1  │   44.8  │     5.4  │     6.2  │     5.5  │    4.8 ║
║ T1-R27  │ LOS   │  104.6 │  106.2   │   0.71 │   0.71   │     3.3  │     3.1  │     2.8  │    2.1  │     3.3  │     2.7  │     2.0  │    0.0 ║
║ T1-R31  │ LOS   │  105.4 │  106.5   │   0.67 │   0.68   │     3.3  │     3.8  │     3.3  │    2.6  │     3.3  │     2.7  │     2.0  │    0.0 ║
║ T1-R5   │ LOS   │  105.0 │  105.2   │   0.36 │   0.37   │     3.3  │     2.7  │     2.0  │    0.0  │     3.3  │     2.7  │     2.0  │    0.0 ║
║ T1-R9   │ NLOS  │  131.3 │  131.3   │   0.34 │   0.34   │     3.3  │     2.7  │     2.0  │    0.0  │     3.3  │     2.7  │     2.0  │    0.0 ║
║ T2-R1   │ LOS   │  112.4 │  113.7   │   2.53 │   2.90   │     3.3  │     3.4  │     3.0  │    2.9  │     3.3  │     2.7  │     2.4  │    2.4 ║
║ T2-R35  │ LOS   │  109.6 │  111.0   │  18.04 │  20.97   │     3.3  │     3.8  │    25.4  │   16.9  │     3.3  │     3.1  │     7.0  │    5.4 ║
║ T2-R36  │ LOS   │  106.7 │  107.4   │   6.29 │   6.72   │     3.3  │     2.7  │     2.1  │    2.2  │     3.3  │     3.5  │     3.5  │    3.0 ║
║ T3-R1   │ NLOS  │  352.6 │  352.6   │   0.00 │   0.00   │     0.0  │     0.0  │     0.0  │    0.0  │     0.0  │     0.0  │     0.0  │    0.0 ║
║ T3-R35  │ LOS   │  117.6 │  119.1   │  23.63 │  25.59   │    13.0  │    11.7  │    11.0  │   10.5  │    23.7  │    20.9  │    19.5  │   18.7 ║
║ T3-R36  │ LOS   │  115.7 │  117.1   │   0.66 │   0.70   │     3.3  │     2.9  │     2.7  │    2.0  │     3.3  │     2.9  │     2.4  │    1.5 ║
║ T3-R37  │ LOS   │  122.4 │  123.3   │   0.58 │   0.61   │     3.3  │     2.7  │     2.0  │    0.0  │     3.3  │     2.7  │     2.0  │    0.0 ║
║ T4-R1   │ NLOS  │  352.3 │  352.3   │   0.00 │   0.00   │     0.0  │     0.0  │     0.0  │    0.0  │     0.0  │     0.0  │     0.0  │    0.0 ║
║ T4-R3   │ LOS   │  114.3 │  116.0   │   0.68 │   0.73   │     3.3  │     3.5  │     3.0  │    2.4  │     3.3  │     2.7  │     2.0  │    1.0 ║
║ T4-R37  │ LOS   │  108.2 │  109.1   │   9.03 │   8.96   │     7.9  │    14.6  │    13.0  │   12.0  │    17.9  │    17.2  │    16.5  │   16.0 ║
║ T4-R38  │ NLOS  │  352.3 │  352.3   │   0.00 │   0.00   │     0.0  │     0.0  │     0.0  │    0.0  │     0.0  │     0.0  │     0.0  │    0.0 ║
║ T5-R1   │ NLOS  │  118.0 │  118.4   │  25.42 │  23.51   │    11.3  │    34.5  │    28.4  │   24.8  │    10.0  │     9.3  │     8.9  │    8.4 ║
║ T5-R10  │ NLOS  │  129.2 │  129.2   │   0.43 │   0.43   │     3.3  │     2.7  │     2.0  │    0.0  │     3.3  │     2.7  │     2.0  │    0.0 ║
║ T5-R3   │ LOS   │  107.6 │  109.1   │   6.46 │   7.19   │     3.3  │     8.4  │     7.4  │    6.7  │     3.3  │     8.1  │     7.7  │    6.9 ║
║ T5-R35  │ LOS   │  111.9 │  112.5   │   0.64 │   0.65   │     3.3  │     2.7  │     2.0  │    0.0  │     3.3  │     3.5  │     2.8  │    2.1 ║
║ T6-R1   │ LOS   │  106.2 │  107.1   │   0.56 │   0.57   │     3.3  │     2.7  │     2.0  │    0.0  │     3.3  │     2.9  │     2.4  │    1.5 ║
║ T6-R39  │ NLOS  │  114.3 │  115.9   │  22.82 │  22.87   │    61.3  │    60.0  │    60.1  │   59.8  │    29.6  │    30.6  │    30.2  │   30.0 ║
║ T6-R40  │ NLOS  │  123.4 │  124.7   │   0.57 │   0.60   │     5.0  │     4.4  │     4.0  │    3.5  │     3.3  │     2.7  │     2.0  │    0.0 ║
╚═════════╧═══════╧════════╧══════════╧════════╧══════════╧══════════╧══════════╧══════════╧═════════╧══════════╧══════════╧══════════╧════════╝

╔═══════════════════════════════════════════════════════════════════════════════════════════════════════════════════════════════╗
║                                              TABLE 3: STATISTICAL SUMMARY                                                      ║
╠════════════════════════════════╤═════════════════════════════════════╤═════════════════════════════════════════════════════════╣
║ Metric                         │     LOS (mean ± std)                │     NLOS (mean ± std)               │    ALL            ║
╠════════════════════════════════╪═════════════════════════════════════╪═════════════════════════════════════════════════════════╣
║ PL - NYU (SUM)                 │  110.3 ±   5.1 dB                    │  228.2 ± 119.2 dB                    │  158.3 ±  94.7 dB  ║
║ PL - USC (perDelayMax)         │  111.4 ±   5.3 dB                    │  228.5 ± 118.8 dB                    │  159.1 ±  94.3 dB  ║
║ Δ PL (NYU - USC)               │   -1.1 ±   0.5 dB                    │   -0.3 ±   0.6 dB                    │   -0.8 ±   0.7 dB  ║
╠════════════════════════════════╪═════════════════════════════════════╪═════════════════════════════════════════════════════════╣
║ DS - NYU (SUM)                 │   5.75 ±  8.01 ns                    │   4.56 ±  9.69 ns                    │   5.27 ±  8.58 ns  ║
║ DS - USC (perDelayMax)         │   6.26 ±  8.80 ns                    │   4.39 ±  9.30 ns                    │   5.50 ±  8.88 ns  ║
╠════════════════════════════════╪═════════════════════════════════════╪═════════════════════════════════════════════════════════╣
║ ASA - NYU 10dB                 │    7.2 ±  12.0 deg                   │    7.9 ±  18.0 deg                   │    7.5 ±  14.4 deg ║
║ ASA - NYU 20dB                 │    8.2 ±  12.4 deg                   │    8.9 ±  18.9 deg                   │    8.5 ±  15.0 deg ║
║ ASA - USC (no threshold)       │    6.6 ±  11.4 deg                   │    8.0 ±  18.7 deg                   │    7.2 ±  14.5 deg ║
╚════════════════════════════════╧═════════════════════════════════════╧═════════════════════════════════════════════════════════╝


  CSV results exported to: D:\unified-channel-analysis\matlab\processing\nyu_142\Results\NYU142GHz_Method_Comparison_Results.csv
  Excel results exported to: D:\unified-channel-analysis\matlab\processing\nyu_142\Results\NYU142GHz_Method_Comparison_Results.xlsx

═══════════════════════════════════════════════════════════════════════
  PROCESSING COMPLETE
═══════════════════════════════════════════════════════════════════════
  Figures saved to: D:\unified-channel-analysis\matlab\processing\nyu_142\Figures
  Results saved to: D:\unified-channel-analysis\matlab\processing\nyu_142\Results
  CSV exported to: D:\unified-channel-analysis\matlab\processing\nyu_142\Results\NYU142GHz_Method_Comparison_Results.csv
  Excel exported to: D:\unified-channel-analysis\matlab\processing\nyu_142\Results\NYU142GHz_Method_Comparison_Results.xlsx
═══════════════════════════════════════════════════════════════════════
[sweep]   ok (1.5 min) -> D:\unified-channel-analysis\figures\matlab\sweep\nyu142_N20_P25.csv
[sweep] NYU142GHz_Method_Comparison  <-  {"thres_below_pk":15}
Loaded TX power table: 27 unique TX-RX pairs
[sweep] NYU142 config override: {"thres_below_pk":15}
═══════════════════════════════════════════════════════════════════════
  NYU 142GHz Data: Method Comparison Configuration
═══════════════════════════════════════════════════════════════════════
  PDP Threshold: max(15 dB below peak, 5 dB above noise) [NYU method]
  Omni Synthesis: NYU=SUM, USC=perDelayMax
  PAS Thresholds: 10 dB, 15 dB, 20 dB (NYU only)
  TX Power: VARIES per TX-RX pair (from CSV), Ant Gain: TX=27 dB, RX=27 dB
  TX Power lookup table loaded: 27 unique TX-RX pairs
  Antenna patterns loaded: Azimuth (181 points), Elevation (181 points)
═══════════════════════════════════════════════════════════════════════

╔═══════════════════════════════════════════════════════════════════════╗
║         Processing NYU 142GHz Data with NYU and USC Methods          ║
╚═══════════════════════════════════════════════════════════════════════╝

Found 27 TX-RX location files

Processing [ 1/27] T1-R1 (Ptx=-3.50 dBm) ... LOS | PL: NYU=102.7, USC=103.5 | DS: NYU=7.5, USC=7.7 ns
Processing [ 2/27] T1-R14 (Ptx=-1.20 dBm) ... NLOS | PL: NYU=129.7, USC=131.5 | DS: NYU=13.1, USC=12.3 ns
Processing [ 3/27] T1-R16 (Ptx=-1.20 dBm) ... NLOS | PL: NYU=126.9, USC=128.2 | DS: NYU=23.2, USC=25.1 ns
Processing [ 4/27] T1-R18 (Ptx=-1.20 dBm) ... NLOS | PL: NYU=136.9, USC=138.4 | DS: NYU=56.5, USC=53.1 ns
Processing [ 5/27] T1-R23 (Ptx=-1.50 dBm) ... LOS | PL: NYU=110.9, USC=112.7 | DS: NYU=22.0, USC=23.2 ns
Processing [ 6/27] T1-R27 (Ptx=-1.87 dBm) ... LOS | PL: NYU=104.4, USC=106.2 | DS: NYU=5.5, USC=6.2 ns
Processing [ 7/27] T1-R31 (Ptx=-1.87 dBm) ... LOS | PL: NYU=105.1, USC=106.4 | DS: NYU=15.5, USC=16.1 ns
Processing [ 8/27] T1-R5 (Ptx=-3.50 dBm) ... LOS | PL: NYU=102.2, USC=103.1 | DS: NYU=3.2, USC=2.9 ns
Processing [ 9/27] T1-R9 (Ptx=-1.50 dBm) ... NLOS | PL: NYU=126.5, USC=127.5 | DS: NYU=18.4, USC=19.5 ns
Processing [10/27] T2-R1 (Ptx=-2.00 dBm) ... LOS | PL: NYU=112.1, USC=113.6 | DS: NYU=31.9, USC=27.8 ns
Processing [11/27] T2-R35 (Ptx=-2.00 dBm) ... LOS | PL: NYU=109.3, USC=110.8 | DS: NYU=26.3, USC=29.2 ns
Processing [12/27] T2-R36 (Ptx=-2.00 dBm) ... LOS | PL: NYU=105.7, USC=106.8 | DS: NYU=17.7, USC=18.5 ns
Processing [13/27] T3-R1 (Ptx=-1.37 dBm) ... NLOS | PL: NYU=130.6, USC=133.4 | DS: NYU=16.1, USC=16.0 ns
Processing [14/27] T3-R35 (Ptx=-1.37 dBm) ... LOS | PL: NYU=116.8, USC=118.8 | DS: NYU=27.2, USC=26.4 ns
Processing [15/27] T3-R36 (Ptx=-1.37 dBm) ... LOS | PL: NYU=115.2, USC=117.1 | DS: NYU=8.3, USC=9.8 ns
Processing [16/27] T3-R37 (Ptx=-1.37 dBm) ... LOS | PL: NYU=120.7, USC=122.8 | DS: NYU=11.8, USC=15.1 ns
Processing [17/27] T4-R1 (Ptx=-1.72 dBm) ... NLOS | PL: NYU=128.2, USC=129.5 | DS: NYU=26.4, USC=30.7 ns
Processing [18/27] T4-R3 (Ptx=-1.72 dBm) ... LOS | PL: NYU=113.4, USC=115.8 | DS: NYU=17.3, USC=22.8 ns
Processing [19/27] T4-R37 (Ptx=-1.72 dBm) ... LOS | PL: NYU=105.1, USC=106.8 | DS: NYU=7.7, USC=7.6 ns
Processing [20/27] T4-R38 (Ptx=-1.72 dBm) ... NLOS | PL: NYU=138.2, USC=139.4 | DS: NYU=0.5, USC=0.6 ns
Processing [21/27] T5-R1 (Ptx=-3.00 dBm) ... NLOS | PL: NYU=115.5, USC=117.0 | DS: NYU=36.8, USC=39.2 ns
Processing [22/27] T5-R10 (Ptx=-3.00 dBm) ... NLOS | PL: NYU=122.6, USC=126.1 | DS: NYU=36.6, USC=47.0 ns
Processing [23/27] T5-R3 (Ptx=-3.00 dBm) ... LOS | PL: NYU=107.3, USC=109.0 | DS: NYU=15.6, USC=18.0 ns
Processing [24/27] T5-R35 (Ptx=-3.00 dBm) ... LOS | PL: NYU=111.0, USC=112.3 | DS: NYU=1.4, USC=1.3 ns
Processing [25/27] T6-R1 (Ptx=-1.55 dBm) ... LOS | PL: NYU=104.1, USC=106.6 | DS: NYU=18.8, USC=17.9 ns
Processing [26/27] T6-R39 (Ptx=-1.55 dBm) ... NLOS | PL: NYU=113.3, USC=115.6 | DS: NYU=23.6, USC=23.9 ns
Processing [27/27] T6-R40 (Ptx=-1.55 dBm) ... NLOS | PL: NYU=120.2, USC=122.8 | DS: NYU=29.9, USC=36.1 ns

Processing complete!

╔═══════════════════════════════════════════════════════════════════════════════════════════════════════╗
║                               TABLE 1: METHOD COMPARISON SUMMARY                                       ║
╠════════════════════════╤═══════════════════════════════════╤═══════════════════════════════════════════╣
║ Aspect                 │ NYU Method                        │ USC Method                                ║
╠════════════════════════╪═══════════════════════════════════╪═══════════════════════════════════════════╣
║ PDP Threshold          │ max(25dB below pk, 5dB abv noise) │ SAME (NYU method)                         ║
║ Omni Synthesis         │ SUM across all directions         │ perDelayMax (max per delay)               ║
║ PAS Threshold          │ 10/15/20 dB below peak            │ NONE                                      ║
║ Lobe Expansion         │ Antenna pattern-based (HPBW=8°)   │ NONE                                      ║
║ AS Formula             │ 3GPP: sqrt(-2*ln(R))              │ SAME                                      ║
╚════════════════════════╧═══════════════════════════════════╧═══════════════════════════════════════════╝

╔════════════════════════════════════════════════════════════════════════════════════════════════════════════════════════════════════════════╗
║                                              TABLE 2: PER TX-RX PAIR RESULTS                                                               ║
╠═════════╤═══════╤═══════════════════╤═══════════════════╤═════════════════════════════════════════════════════════════════════════════════╣
║  TX-RX  │  Env  │   Path Loss (dB)  │ Delay Spread (ns) │                    Angular Spread (degrees)                                      ║
║         │       │   NYU  │   USC    │   NYU  │   USC    │  ASA-10  │  ASA-15  │  ASA-20  │ ASA-USC │  ASD-10  │  ASD-15  │  ASD-20  │ ASD-USC║
╠═════════╪═══════╪════════╪══════════╪════════╪══════════╪══════════╪══════════╪══════════╪═════════╪══════════╪══════════╪══════════╪════════╣
║ T1-R1   │ LOS   │  102.7 │  103.5   │   7.49 │   7.68   │     3.3  │    13.0  │    10.2  │    9.3  │     3.3  │    12.8  │    10.2  │    8.3 ║
║ T1-R14  │ NLOS  │  129.7 │  131.5   │  13.07 │  12.26   │    54.9  │    52.7  │    53.4  │   51.8  │     3.3  │     2.7  │     2.0  │    0.0 ║
║ T1-R16  │ NLOS  │  126.9 │  128.2   │  23.16 │  25.09   │    50.3  │    45.5  │    43.6  │   42.8  │     3.3  │     2.7  │     3.6  │    1.8 ║
║ T1-R18  │ NLOS  │  136.9 │  138.4   │  56.47 │  53.06   │    41.8  │    41.5  │    41.4  │   41.3  │     9.1  │     8.7  │     8.4  │    8.1 ║
║ T1-R23  │ LOS   │  110.9 │  112.7   │  22.04 │  23.16   │    52.0  │    48.4  │    51.1  │   48.8  │     5.4  │     6.4  │     5.8  │    5.2 ║
║ T1-R27  │ LOS   │  104.4 │  106.2   │   5.53 │   6.17   │     3.3  │     3.6  │     3.1  │    5.2  │     3.3  │     2.7  │     2.0  │    0.6 ║
║ T1-R31  │ LOS   │  105.1 │  106.4   │  15.53 │  16.07   │     3.3  │     4.2  │     3.6  │    9.2  │     3.3  │     2.7  │     6.9  │    4.0 ║
║ T1-R5   │ LOS   │  102.2 │  103.1   │   3.19 │   2.89   │     3.3  │     3.1  │     2.8  │   10.3  │     3.3  │     3.9  │     3.1  │    2.0 ║
║ T1-R9   │ NLOS  │  126.5 │  127.5   │  18.38 │  19.49   │    71.3  │    70.3  │    68.4  │   67.7  │     3.3  │     2.7  │     2.0  │    0.0 ║
║ T2-R1   │ LOS   │  112.1 │  113.6   │  31.88 │  27.83   │     3.3  │     3.8  │     5.3  │   11.2  │     3.3  │     2.9  │     5.1  │    7.7 ║
║ T2-R35  │ LOS   │  109.3 │  110.8   │  26.27 │  29.21   │     3.3  │     4.0  │    27.1  │   23.8  │     3.3  │     3.2  │     7.4  │    6.5 ║
║ T2-R36  │ LOS   │  105.7 │  106.8   │  17.68 │  18.50   │     3.8  │     3.8  │     3.4  │   11.8  │     3.3  │     3.3  │     3.4  │    4.0 ║
║ T3-R1   │ NLOS  │  130.6 │  133.4   │  16.06 │  15.97   │    10.9  │    12.2  │    12.0  │   11.8  │     6.7  │     6.1  │     5.8  │    5.5 ║
║ T3-R35  │ LOS   │  116.8 │  118.8   │  27.15 │  26.36   │    13.5  │    12.4  │    12.5  │   12.3  │    25.1  │    22.9  │    22.1  │   21.6 ║
║ T3-R36  │ LOS   │  115.2 │  117.1   │   8.27 │   9.81   │     3.3  │     3.8  │     3.2  │    6.5  │     3.3  │     3.3  │     2.9  │    2.7 ║
║ T3-R37  │ LOS   │  120.7 │  122.8   │  11.80 │  15.08   │     4.0  │     3.8  │     3.4  │   10.3  │     3.3  │     3.3  │     2.7  │    1.9 ║
║ T4-R1   │ NLOS  │  128.2 │  129.5   │  26.38 │  30.65   │     3.3  │     2.7  │    24.3  │   18.9  │     4.4  │     3.9  │     3.4  │    2.9 ║
║ T4-R3   │ LOS   │  113.4 │  115.8   │  17.27 │  22.84   │     5.0  │     4.7  │     4.1  │    7.9  │     3.3  │     3.5  │     2.9  │    2.4 ║
║ T4-R37  │ LOS   │  105.1 │  106.8   │   7.66 │   7.57   │     7.1  │    12.8  │    10.9  │   10.1  │    13.8  │    13.8  │    13.5  │   12.9 ║
║ T4-R38  │ NLOS  │  138.2 │  139.4   │   0.54 │   0.58   │     5.0  │     4.3  │     3.9  │    3.4  │     5.0  │     4.3  │     3.9  │    3.4 ║
║ T5-R1   │ NLOS  │  115.5 │  117.0   │  36.82 │  39.19   │    57.7  │    53.2  │    51.7  │   50.0  │    10.2  │    10.4  │    11.1  │   10.5 ║
║ T5-R10  │ NLOS  │  122.6 │  126.1   │  36.57 │  47.02   │     5.2  │    33.2  │    38.8  │   33.1  │    19.4  │    18.6  │    18.4  │   17.7 ║
║ T5-R3   │ LOS   │  107.3 │  109.0   │  15.65 │  17.96   │     3.3  │     8.7  │     7.8  │   10.2  │     3.3  │     8.4  │     8.3  │    8.0 ║
║ T5-R35  │ LOS   │  111.0 │  112.3   │   1.36 │   1.32   │     3.3  │     4.0  │     3.5  │    3.3  │     3.3  │     3.5  │     2.8  │    2.8 ║
║ T6-R1   │ LOS   │  104.1 │  106.6   │  18.79 │  17.90   │     4.7  │     4.7  │     4.2  │    6.9  │     4.9  │     4.7  │     4.3  │    4.4 ║
║ T6-R39  │ NLOS  │  113.3 │  115.6   │  23.59 │  23.87   │    61.6  │    62.4  │    62.4  │   62.9  │    31.9  │    31.2  │    31.4  │   31.2 ║
║ T6-R40  │ NLOS  │  120.2 │  122.8   │  29.88 │  36.13   │    34.9  │    32.4  │    30.7  │   29.8  │     4.0  │    26.7  │    24.5  │   22.2 ║
╚═════════╧═══════╧════════╧══════════╧════════╧══════════╧══════════╧══════════╧══════════╧═════════╧══════════╧══════════╧══════════╧════════╝

╔═══════════════════════════════════════════════════════════════════════════════════════════════════════════════════════════════╗
║                                              TABLE 3: STATISTICAL SUMMARY                                                      ║
╠════════════════════════════════╤═════════════════════════════════════╤═════════════════════════════════════════════════════════╣
║ Metric                         │     LOS (mean ± std)                │     NLOS (mean ± std)               │    ALL            ║
╠════════════════════════════════╪═════════════════════════════════════╪═════════════════════════════════════════════════════════╣
║ PL - NYU (SUM)                 │  109.1 ±   5.5 dB                    │  126.2 ±   7.9 dB                    │  116.1 ±  10.7 dB  ║
║ PL - USC (perDelayMax)         │  110.8 ±   5.7 dB                    │  128.1 ±   7.7 dB                    │  117.8 ±  10.8 dB  ║
║ Δ PL (NYU - USC)               │   -1.7 ±   0.5 dB                    │   -1.9 ±   0.8 dB                    │   -1.8 ±   0.6 dB  ║
╠════════════════════════════════╪═════════════════════════════════════╪═════════════════════════════════════════════════════════╣
║ DS - NYU (SUM)                 │  14.85 ±  9.01 ns                    │  25.54 ± 14.68 ns                    │  19.20 ± 12.58 ns  ║
║ DS - USC (perDelayMax)         │  15.65 ±  8.93 ns                    │  27.57 ± 15.58 ns                    │  20.51 ± 13.23 ns  ║
╠════════════════════════════════╪═════════════════════════════════════╪═════════════════════════════════════════════════════════╣
║ ASA - NYU 10dB                 │    7.5 ±  12.2 deg                   │   36.1 ±  25.7 deg                   │   19.1 ±  23.3 deg ║
║ ASA - NYU 20dB                 │    9.8 ±  12.6 deg                   │   39.2 ±  20.1 deg                   │   21.7 ±  21.6 deg ║
║ ASA - USC (no threshold)       │   12.3 ±  10.7 deg                   │   37.6 ±  20.5 deg                   │   22.6 ±  19.7 deg ║
╚════════════════════════════════╧═════════════════════════════════════╧═════════════════════════════════════════════════════════╝


  CSV results exported to: D:\unified-channel-analysis\matlab\processing\nyu_142\Results\NYU142GHz_Method_Comparison_Results.csv
  Excel results exported to: D:\unified-channel-analysis\matlab\processing\nyu_142\Results\NYU142GHz_Method_Comparison_Results.xlsx

═══════════════════════════════════════════════════════════════════════
  PROCESSING COMPLETE
═══════════════════════════════════════════════════════════════════════
  Figures saved to: D:\unified-channel-analysis\matlab\processing\nyu_142\Figures
  Results saved to: D:\unified-channel-analysis\matlab\processing\nyu_142\Results
  CSV exported to: D:\unified-channel-analysis\matlab\processing\nyu_142\Results\NYU142GHz_Method_Comparison_Results.csv
  Excel exported to: D:\unified-channel-analysis\matlab\processing\nyu_142\Results\NYU142GHz_Method_Comparison_Results.xlsx
═══════════════════════════════════════════════════════════════════════
[sweep]   ok (1.5 min) -> D:\unified-channel-analysis\figures\matlab\sweep\nyu142_N05_P15.csv
[sweep] NYU142GHz_Method_Comparison  <-  {"thres_below_pk":20}
Loaded TX power table: 27 unique TX-RX pairs
[sweep] NYU142 config override: {"thres_below_pk":20}
═══════════════════════════════════════════════════════════════════════
  NYU 142GHz Data: Method Comparison Configuration
═══════════════════════════════════════════════════════════════════════
  PDP Threshold: max(20 dB below peak, 5 dB above noise) [NYU method]
  Omni Synthesis: NYU=SUM, USC=perDelayMax
  PAS Thresholds: 10 dB, 15 dB, 20 dB (NYU only)
  TX Power: VARIES per TX-RX pair (from CSV), Ant Gain: TX=27 dB, RX=27 dB
  TX Power lookup table loaded: 27 unique TX-RX pairs
  Antenna patterns loaded: Azimuth (181 points), Elevation (181 points)
═══════════════════════════════════════════════════════════════════════

╔═══════════════════════════════════════════════════════════════════════╗
║         Processing NYU 142GHz Data with NYU and USC Methods          ║
╚═══════════════════════════════════════════════════════════════════════╝

Found 27 TX-RX location files

Processing [ 1/27] T1-R1 (Ptx=-3.50 dBm) ... LOS | PL: NYU=102.6, USC=103.5 | DS: NYU=7.5, USC=7.7 ns
Processing [ 2/27] T1-R14 (Ptx=-1.20 dBm) ... NLOS | PL: NYU=129.7, USC=131.5 | DS: NYU=13.1, USC=12.3 ns
Processing [ 3/27] T1-R16 (Ptx=-1.20 dBm) ... NLOS | PL: NYU=126.9, USC=128.2 | DS: NYU=23.1, USC=25.0 ns
Processing [ 4/27] T1-R18 (Ptx=-1.20 dBm) ... NLOS | PL: NYU=136.9, USC=138.4 | DS: NYU=56.5, USC=53.1 ns
Processing [ 5/27] T1-R23 (Ptx=-1.50 dBm) ... LOS | PL: NYU=110.8, USC=112.7 | DS: NYU=22.0, USC=23.2 ns
Processing [ 6/27] T1-R27 (Ptx=-1.87 dBm) ... LOS | PL: NYU=104.4, USC=106.2 | DS: NYU=5.5, USC=6.2 ns
Processing [ 7/27] T1-R31 (Ptx=-1.87 dBm) ... LOS | PL: NYU=105.1, USC=106.4 | DS: NYU=16.1, USC=16.8 ns
Processing [ 8/27] T1-R5 (Ptx=-3.50 dBm) ... LOS | PL: NYU=102.1, USC=103.1 | DS: NYU=3.2, USC=2.9 ns
Processing [ 9/27] T1-R9 (Ptx=-1.50 dBm) ... NLOS | PL: NYU=126.5, USC=127.5 | DS: NYU=19.8, USC=19.5 ns
Processing [10/27] T2-R1 (Ptx=-2.00 dBm) ... LOS | PL: NYU=112.1, USC=113.6 | DS: NYU=31.8, USC=27.8 ns
Processing [11/27] T2-R35 (Ptx=-2.00 dBm) ... LOS | PL: NYU=109.3, USC=110.8 | DS: NYU=26.9, USC=30.0 ns
Processing [12/27] T2-R36 (Ptx=-2.00 dBm) ... LOS | PL: NYU=105.7, USC=106.7 | DS: NYU=17.6, USC=18.5 ns
Processing [13/27] T3-R1 (Ptx=-1.37 dBm) ... NLOS | PL: NYU=130.6, USC=133.4 | DS: NYU=16.1, USC=16.0 ns
Processing [14/27] T3-R35 (Ptx=-1.37 dBm) ... LOS | PL: NYU=116.8, USC=118.8 | DS: NYU=27.1, USC=26.3 ns
Processing [15/27] T3-R36 (Ptx=-1.37 dBm) ... LOS | PL: NYU=115.1, USC=117.0 | DS: NYU=8.3, USC=9.8 ns
Processing [16/27] T3-R37 (Ptx=-1.37 dBm) ... LOS | PL: NYU=120.6, USC=122.8 | DS: NYU=11.7, USC=15.0 ns
Processing [17/27] T4-R1 (Ptx=-1.72 dBm) ... NLOS | PL: NYU=128.2, USC=129.5 | DS: NYU=26.4, USC=30.7 ns
Processing [18/27] T4-R3 (Ptx=-1.72 dBm) ... LOS | PL: NYU=113.3, USC=115.8 | DS: NYU=17.2, USC=22.8 ns
Processing [19/27] T4-R37 (Ptx=-1.72 dBm) ... LOS | PL: NYU=105.1, USC=106.8 | DS: NYU=7.7, USC=7.6 ns
Processing [20/27] T4-R38 (Ptx=-1.72 dBm) ... NLOS | PL: NYU=138.2, USC=139.4 | DS: NYU=0.5, USC=0.6 ns
Processing [21/27] T5-R1 (Ptx=-3.00 dBm) ... NLOS | PL: NYU=115.4, USC=117.0 | DS: NYU=36.8, USC=39.2 ns
Processing [22/27] T5-R10 (Ptx=-3.00 dBm) ... NLOS | PL: NYU=122.6, USC=126.1 | DS: NYU=36.5, USC=47.0 ns
Processing [23/27] T5-R3 (Ptx=-3.00 dBm) ... LOS | PL: NYU=107.2, USC=109.0 | DS: NYU=15.6, USC=17.9 ns
Processing [24/27] T5-R35 (Ptx=-3.00 dBm) ... LOS | PL: NYU=110.9, USC=112.3 | DS: NYU=1.4, USC=1.3 ns
Processing [25/27] T6-R1 (Ptx=-1.55 dBm) ... LOS | PL: NYU=104.0, USC=106.5 | DS: NYU=18.7, USC=17.8 ns
Processing [26/27] T6-R39 (Ptx=-1.55 dBm) ... NLOS | PL: NYU=113.2, USC=115.6 | DS: NYU=23.6, USC=23.8 ns
Processing [27/27] T6-R40 (Ptx=-1.55 dBm) ... NLOS | PL: NYU=120.1, USC=122.8 | DS: NYU=29.8, USC=36.0 ns

Processing complete!

╔═══════════════════════════════════════════════════════════════════════════════════════════════════════╗
║                               TABLE 1: METHOD COMPARISON SUMMARY                                       ║
╠════════════════════════╤═══════════════════════════════════╤═══════════════════════════════════════════╣
║ Aspect                 │ NYU Method                        │ USC Method                                ║
╠════════════════════════╪═══════════════════════════════════╪═══════════════════════════════════════════╣
║ PDP Threshold          │ max(25dB below pk, 5dB abv noise) │ SAME (NYU method)                         ║
║ Omni Synthesis         │ SUM across all directions         │ perDelayMax (max per delay)               ║
║ PAS Threshold          │ 10/15/20 dB below peak            │ NONE                                      ║
║ Lobe Expansion         │ Antenna pattern-based (HPBW=8°)   │ NONE                                      ║
║ AS Formula             │ 3GPP: sqrt(-2*ln(R))              │ SAME                                      ║
╚════════════════════════╧═══════════════════════════════════╧═══════════════════════════════════════════╝

╔════════════════════════════════════════════════════════════════════════════════════════════════════════════════════════════════════════════╗
║                                              TABLE 2: PER TX-RX PAIR RESULTS                                                               ║
╠═════════╤═══════╤═══════════════════╤═══════════════════╤═════════════════════════════════════════════════════════════════════════════════╣
║  TX-RX  │  Env  │   Path Loss (dB)  │ Delay Spread (ns) │                    Angular Spread (degrees)                                      ║
║         │       │   NYU  │   USC    │   NYU  │   USC    │  ASA-10  │  ASA-15  │  ASA-20  │ ASA-USC │  ASD-10  │  ASD-15  │  ASD-20  │ ASD-USC║
╠═════════╪═══════╪════════╪══════════╪════════╪══════════╪══════════╪══════════╪══════════╪═════════╪══════════╪══════════╪══════════╪════════╣
║ T1-R1   │ LOS   │  102.6 │  103.5   │   7.49 │   7.67   │     3.3  │    13.0  │    10.2  │    9.3  │     3.3  │    12.8  │    10.2  │    8.3 ║
║ T1-R14  │ NLOS  │  129.7 │  131.5   │  13.07 │  12.26   │    54.9  │    52.7  │    53.4  │   51.8  │     3.3  │     2.7  │     2.0  │    0.0 ║
║ T1-R16  │ NLOS  │  126.9 │  128.2   │  23.13 │  25.04   │    50.3  │    45.5  │    43.5  │   42.7  │     3.3  │     2.7  │     3.6  │    1.8 ║
║ T1-R18  │ NLOS  │  136.9 │  138.4   │  56.47 │  53.06   │    41.8  │    41.5  │    41.4  │   41.3  │     9.1  │     8.7  │     8.4  │    8.1 ║
║ T1-R23  │ LOS   │  110.8 │  112.7   │  22.04 │  23.16   │    52.0  │    48.4  │    51.1  │   48.8  │     5.4  │     6.4  │     5.8  │    5.2 ║
║ T1-R27  │ LOS   │  104.4 │  106.2   │   5.52 │   6.16   │     3.3  │     3.6  │     3.1  │    5.2  │     3.3  │     2.7  │     2.0  │    0.6 ║
║ T1-R31  │ LOS   │  105.1 │  106.4   │  16.11 │  16.84   │     3.3  │     4.2  │     3.6  │    9.2  │     3.3  │     2.7  │     6.9  │    3.9 ║
║ T1-R5   │ LOS   │  102.1 │  103.1   │   3.19 │   2.89   │     3.3  │     3.1  │     2.8  │   10.3  │     3.3  │     3.9  │     3.1  │    2.0 ║
║ T1-R9   │ NLOS  │  126.5 │  127.5   │  19.78 │  19.51   │    70.8  │    69.6  │    67.8  │   67.0  │     3.3  │     2.7  │     2.0  │    0.0 ║
║ T2-R1   │ LOS   │  112.1 │  113.6   │  31.78 │  27.77   │     3.3  │     3.8  │     5.3  │   11.1  │     3.3  │     2.9  │     5.1  │    7.7 ║
║ T2-R35  │ LOS   │  109.3 │  110.8   │  26.90 │  30.02   │     3.3  │     4.0  │    27.2  │   23.9  │     3.3  │     3.2  │     7.4  │    6.5 ║
║ T2-R36  │ LOS   │  105.7 │  106.7   │  17.64 │  18.48   │     3.3  │     3.8  │     3.3  │   11.8  │     3.3  │     3.3  │     3.4  │    4.0 ║
║ T3-R1   │ NLOS  │  130.6 │  133.4   │  16.06 │  15.97   │    10.9  │    12.2  │    12.0  │   11.8  │     6.7  │     6.1  │     5.8  │    5.5 ║
║ T3-R35  │ LOS   │  116.8 │  118.8   │  27.13 │  26.34   │    13.5  │    12.4  │    12.4  │   12.3  │    25.1  │    22.9  │    22.1  │   21.6 ║
║ T3-R36  │ LOS   │  115.1 │  117.0   │   8.25 │   9.79   │     3.3  │     3.8  │     3.2  │    6.5  │     3.3  │     3.3  │     2.9  │    2.7 ║
║ T3-R37  │ LOS   │  120.6 │  122.8   │  11.71 │  14.97   │     4.0  │     3.8  │     3.4  │   10.2  │     3.3  │     3.3  │     2.7  │    1.9 ║
║ T4-R1   │ NLOS  │  128.2 │  129.5   │  26.38 │  30.65   │     3.3  │     2.7  │    24.3  │   18.9  │     4.4  │     3.9  │     3.4  │    2.9 ║
║ T4-R3   │ LOS   │  113.3 │  115.8   │  17.21 │  22.81   │     5.0  │     4.7  │     4.1  │    7.9  │     3.3  │     3.5  │     2.9  │    2.4 ║
║ T4-R37  │ LOS   │  105.1 │  106.8   │   7.67 │   7.57   │     7.1  │    12.8  │    10.9  │   10.1  │    13.8  │    13.9  │    13.5  │   12.9 ║
║ T4-R38  │ NLOS  │  138.2 │  139.4   │   0.54 │   0.58   │     5.0  │     4.3  │     3.9  │    3.4  │     5.0  │     4.3  │     3.9  │    3.4 ║
║ T5-R1   │ NLOS  │  115.4 │  117.0   │  36.79 │  39.17   │    57.6  │    53.1  │    51.6  │   49.9  │    10.2  │    10.4  │    11.1  │   10.5 ║
║ T5-R10  │ NLOS  │  122.6 │  126.1   │  36.54 │  47.02   │     5.2  │    33.2  │    38.8  │   33.1  │    19.4  │    18.6  │    18.4  │   17.7 ║
║ T5-R3   │ LOS   │  107.2 │  109.0   │  15.61 │  17.93   │    10.0  │     8.7  │     7.8  │   10.2  │     3.3  │     8.4  │     8.3  │    8.0 ║
║ T5-R35  │ LOS   │  110.9 │  112.3   │   1.37 │   1.33   │     3.3  │     4.0  │     3.5  │    3.3  │     3.3  │     3.5  │     2.8  │    2.8 ║
║ T6-R1   │ LOS   │  104.0 │  106.5   │  18.67 │  17.75   │     4.7  │     4.7  │     4.2  │    6.8  │     4.9  │     4.7  │     4.2  │    4.4 ║
║ T6-R39  │ NLOS  │  113.2 │  115.6   │  23.57 │  23.85   │    61.5  │    62.2  │    61.6  │   62.7  │    31.8  │    31.2  │    31.4  │   31.1 ║
║ T6-R40  │ NLOS  │  120.1 │  122.8   │  29.79 │  36.03   │    34.9  │    32.4  │    30.6  │   29.7  │     4.0  │    26.6  │    24.5  │   22.1 ║
╚═════════╧═══════╧════════╧══════════╧════════╧══════════╧══════════╧══════════╧══════════╧═════════╧══════════╧══════════╧══════════╧════════╝

╔═══════════════════════════════════════════════════════════════════════════════════════════════════════════════════════════════╗
║                                              TABLE 3: STATISTICAL SUMMARY                                                      ║
╠════════════════════════════════╤═════════════════════════════════════╤═════════════════════════════════════════════════════════╣
║ Metric                         │     LOS (mean ± std)                │     NLOS (mean ± std)               │    ALL            ║
╠════════════════════════════════╪═════════════════════════════════════╪═════════════════════════════════════════════════════════╣
║ PL - NYU (SUM)                 │  109.1 ±   5.5 dB                    │  126.2 ±   7.9 dB                    │  116.1 ±  10.7 dB  ║
║ PL - USC (perDelayMax)         │  110.7 ±   5.7 dB                    │  128.1 ±   7.7 dB                    │  117.8 ±  10.8 dB  ║
║ Δ PL (NYU - USC)               │   -1.7 ±   0.5 dB                    │   -1.9 ±   0.8 dB                    │   -1.8 ±   0.6 dB  ║
╠════════════════════════════════╪═════════════════════════════════════╪═════════════════════════════════════════════════════════╣
║ DS - NYU (SUM)                 │  14.89 ±  9.05 ns                    │  25.65 ± 14.61 ns                    │  19.27 ± 12.59 ns  ║
║ DS - USC (perDelayMax)         │  15.72 ±  9.00 ns                    │  27.56 ± 15.58 ns                    │  20.54 ± 13.24 ns  ║
╠════════════════════════════════╪═════════════════════════════════════╪═════════════════════════════════════════════════════════╣
║ ASA - NYU 10dB                 │    7.9 ±  12.1 deg                   │   36.0 ±  25.6 deg                   │   19.3 ±  23.1 deg ║
║ ASA - NYU 20dB                 │    9.7 ±  12.7 deg                   │   39.0 ±  20.0 deg                   │   21.7 ±  21.4 deg ║
║ ASA - USC (no threshold)       │   12.3 ±  10.7 deg                   │   37.5 ±  20.4 deg                   │   22.6 ±  19.6 deg ║
╚════════════════════════════════╧═════════════════════════════════════╧═════════════════════════════════════════════════════════╝


  CSV results exported to: D:\unified-channel-analysis\matlab\processing\nyu_142\Results\NYU142GHz_Method_Comparison_Results.csv
  Excel results exported to: D:\unified-channel-analysis\matlab\processing\nyu_142\Results\NYU142GHz_Method_Comparison_Results.xlsx

═══════════════════════════════════════════════════════════════════════
  PROCESSING COMPLETE
═══════════════════════════════════════════════════════════════════════
  Figures saved to: D:\unified-channel-analysis\matlab\processing\nyu_142\Figures
  Results saved to: D:\unified-channel-analysis\matlab\processing\nyu_142\Results
  CSV exported to: D:\unified-channel-analysis\matlab\processing\nyu_142\Results\NYU142GHz_Method_Comparison_Results.csv
  Excel exported to: D:\unified-channel-analysis\matlab\processing\nyu_142\Results\NYU142GHz_Method_Comparison_Results.xlsx
═══════════════════════════════════════════════════════════════════════
[sweep]   ok (1.5 min) -> D:\unified-channel-analysis\figures\matlab\sweep\nyu142_N05_P20.csv
[sweep] NYU142GHz_Method_Comparison  <-  {"thres_below_pk":30}
Loaded TX power table: 27 unique TX-RX pairs
[sweep] NYU142 config override: {"thres_below_pk":30}
═══════════════════════════════════════════════════════════════════════
  NYU 142GHz Data: Method Comparison Configuration
═══════════════════════════════════════════════════════════════════════
  PDP Threshold: max(30 dB below peak, 5 dB above noise) [NYU method]
  Omni Synthesis: NYU=SUM, USC=perDelayMax
  PAS Thresholds: 10 dB, 15 dB, 20 dB (NYU only)
  TX Power: VARIES per TX-RX pair (from CSV), Ant Gain: TX=27 dB, RX=27 dB
  TX Power lookup table loaded: 27 unique TX-RX pairs
  Antenna patterns loaded: Azimuth (181 points), Elevation (181 points)
═══════════════════════════════════════════════════════════════════════

╔═══════════════════════════════════════════════════════════════════════╗
║         Processing NYU 142GHz Data with NYU and USC Methods          ║
╚═══════════════════════════════════════════════════════════════════════╝

Found 27 TX-RX location files

Processing [ 1/27] T1-R1 (Ptx=-3.50 dBm) ... LOS | PL: NYU=102.6, USC=103.5 | DS: NYU=7.5, USC=7.7 ns
Processing [ 2/27] T1-R14 (Ptx=-1.20 dBm) ... NLOS | PL: NYU=129.7, USC=131.5 | DS: NYU=13.1, USC=12.3 ns
Processing [ 3/27] T1-R16 (Ptx=-1.20 dBm) ... NLOS | PL: NYU=126.9, USC=128.2 | DS: NYU=23.1, USC=25.0 ns
Processing [ 4/27] T1-R18 (Ptx=-1.20 dBm) ... NLOS | PL: NYU=136.9, USC=138.4 | DS: NYU=56.5, USC=53.1 ns
Processing [ 5/27] T1-R23 (Ptx=-1.50 dBm) ... LOS | PL: NYU=110.8, USC=112.6 | DS: NYU=22.1, USC=23.2 ns
Processing [ 6/27] T1-R27 (Ptx=-1.87 dBm) ... LOS | PL: NYU=104.4, USC=106.1 | DS: NYU=5.6, USC=6.3 ns
Processing [ 7/27] T1-R31 (Ptx=-1.87 dBm) ... LOS | PL: NYU=105.0, USC=106.3 | DS: NYU=17.1, USC=18.1 ns
Processing [ 8/27] T1-R5 (Ptx=-3.50 dBm) ... LOS | PL: NYU=102.1, USC=103.1 | DS: NYU=3.2, USC=2.9 ns
Processing [ 9/27] T1-R9 (Ptx=-1.50 dBm) ... NLOS | PL: NYU=126.5, USC=127.5 | DS: NYU=19.8, USC=19.5 ns
Processing [10/27] T2-R1 (Ptx=-2.00 dBm) ... LOS | PL: NYU=112.0, USC=113.6 | DS: NYU=31.9, USC=28.1 ns
Processing [11/27] T2-R35 (Ptx=-2.00 dBm) ... LOS | PL: NYU=109.2, USC=110.8 | DS: NYU=27.0, USC=30.1 ns
Processing [12/27] T2-R36 (Ptx=-2.00 dBm) ... LOS | PL: NYU=105.7, USC=106.7 | DS: NYU=17.7, USC=18.5 ns
Processing [13/27] T3-R1 (Ptx=-1.37 dBm) ... NLOS | PL: NYU=130.6, USC=133.4 | DS: NYU=16.1, USC=16.0 ns
Processing [14/27] T3-R35 (Ptx=-1.37 dBm) ... LOS | PL: NYU=116.8, USC=118.8 | DS: NYU=27.2, USC=26.4 ns
Processing [15/27] T3-R36 (Ptx=-1.37 dBm) ... LOS | PL: NYU=115.1, USC=117.0 | DS: NYU=8.4, USC=9.9 ns
Processing [16/27] T3-R37 (Ptx=-1.37 dBm) ... LOS | PL: NYU=120.6, USC=122.8 | DS: NYU=11.7, USC=14.9 ns
Processing [17/27] T4-R1 (Ptx=-1.72 dBm) ... NLOS | PL: NYU=128.2, USC=129.5 | DS: NYU=26.4, USC=30.7 ns
Processing [18/27] T4-R3 (Ptx=-1.72 dBm) ... LOS | PL: NYU=113.3, USC=115.8 | DS: NYU=17.2, USC=22.8 ns
Processing [19/27] T4-R37 (Ptx=-1.72 dBm) ... LOS | PL: NYU=105.1, USC=106.8 | DS: NYU=7.7, USC=7.6 ns
Processing [20/27] T4-R38 (Ptx=-1.72 dBm) ... NLOS | PL: NYU=138.2, USC=139.4 | DS: NYU=0.5, USC=0.6 ns
Processing [21/27] T5-R1 (Ptx=-3.00 dBm) ... NLOS | PL: NYU=115.4, USC=116.9 | DS: NYU=41.8, USC=45.9 ns
Processing [22/27] T5-R10 (Ptx=-3.00 dBm) ... NLOS | PL: NYU=122.6, USC=126.1 | DS: NYU=36.5, USC=47.0 ns
Processing [23/27] T5-R3 (Ptx=-3.00 dBm) ... LOS | PL: NYU=107.2, USC=109.0 | DS: NYU=15.5, USC=17.9 ns
Processing [24/27] T5-R35 (Ptx=-3.00 dBm) ... LOS | PL: NYU=110.9, USC=112.3 | DS: NYU=1.4, USC=1.3 ns
Processing [25/27] T6-R1 (Ptx=-1.55 dBm) ... LOS | PL: NYU=104.0, USC=106.5 | DS: NYU=18.7, USC=17.7 ns
Processing [26/27] T6-R39 (Ptx=-1.55 dBm) ... NLOS | PL: NYU=113.2, USC=115.5 | DS: NYU=23.6, USC=23.8 ns
Processing [27/27] T6-R40 (Ptx=-1.55 dBm) ... NLOS | PL: NYU=120.1, USC=122.8 | DS: NYU=29.8, USC=36.0 ns

Processing complete!

╔═══════════════════════════════════════════════════════════════════════════════════════════════════════╗
║                               TABLE 1: METHOD COMPARISON SUMMARY                                       ║
╠════════════════════════╤═══════════════════════════════════╤═══════════════════════════════════════════╣
║ Aspect                 │ NYU Method                        │ USC Method                                ║
╠════════════════════════╪═══════════════════════════════════╪═══════════════════════════════════════════╣
║ PDP Threshold          │ max(25dB below pk, 5dB abv noise) │ SAME (NYU method)                         ║
║ Omni Synthesis         │ SUM across all directions         │ perDelayMax (max per delay)               ║
║ PAS Threshold          │ 10/15/20 dB below peak            │ NONE                                      ║
║ Lobe Expansion         │ Antenna pattern-based (HPBW=8°)   │ NONE                                      ║
║ AS Formula             │ 3GPP: sqrt(-2*ln(R))              │ SAME                                      ║
╚════════════════════════╧═══════════════════════════════════╧═══════════════════════════════════════════╝

╔════════════════════════════════════════════════════════════════════════════════════════════════════════════════════════════════════════════╗
║                                              TABLE 2: PER TX-RX PAIR RESULTS                                                               ║
╠═════════╤═══════╤═══════════════════╤═══════════════════╤═════════════════════════════════════════════════════════════════════════════════╣
║  TX-RX  │  Env  │   Path Loss (dB)  │ Delay Spread (ns) │                    Angular Spread (degrees)                                      ║
║         │       │   NYU  │   USC    │   NYU  │   USC    │  ASA-10  │  ASA-15  │  ASA-20  │ ASA-USC │  ASD-10  │  ASD-15  │  ASD-20  │ ASD-USC║
╠═════════╪═══════╪════════╪══════════╪════════╪══════════╪══════════╪══════════╪══════════╪═════════╪══════════╪══════════╪══════════╪════════╣
║ T1-R1   │ LOS   │  102.6 │  103.5   │   7.49 │   7.67   │     3.3  │    13.0  │    10.2  │    9.3  │     3.3  │    12.8  │    10.2  │    8.3 ║
║ T1-R14  │ NLOS  │  129.7 │  131.5   │  13.07 │  12.26   │    54.9  │    52.7  │    53.4  │   51.8  │     3.3  │     2.7  │     2.0  │    0.0 ║
║ T1-R16  │ NLOS  │  126.9 │  128.2   │  23.13 │  25.04   │    50.3  │    45.5  │    43.5  │   42.7  │     3.3  │     2.7  │     3.6  │    1.8 ║
║ T1-R18  │ NLOS  │  136.9 │  138.4   │  56.47 │  53.06   │    41.8  │    41.5  │    41.4  │   41.3  │     9.1  │     8.7  │     8.4  │    8.1 ║
║ T1-R23  │ LOS   │  110.8 │  112.6   │  22.08 │  23.22   │    52.0  │    48.3  │    51.0  │   48.8  │     5.4  │     6.4  │     5.8  │    5.2 ║
║ T1-R27  │ LOS   │  104.4 │  106.1   │   5.63 │   6.29   │     3.3  │     3.6  │     3.1  │    5.2  │     3.3  │     2.7  │     2.0  │    0.6 ║
║ T1-R31  │ LOS   │  105.0 │  106.3   │  17.09 │  18.10   │     3.3  │     4.1  │     3.6  │    9.1  │     3.3  │     2.7  │     6.9  │    3.9 ║
║ T1-R5   │ LOS   │  102.1 │  103.1   │   3.19 │   2.89   │     3.3  │     3.1  │     2.8  │   10.3  │     3.3  │     3.9  │     3.1  │    2.0 ║
║ T1-R9   │ NLOS  │  126.5 │  127.5   │  19.78 │  19.51   │    70.8  │    69.6  │    67.8  │   67.0  │     3.3  │     2.7  │     2.0  │    0.0 ║
║ T2-R1   │ LOS   │  112.0 │  113.6   │  31.91 │  28.07   │     3.3  │     3.8  │     5.3  │   11.1  │     3.3  │     2.9  │     5.1  │    7.6 ║
║ T2-R35  │ LOS   │  109.2 │  110.8   │  27.03 │  30.13   │     3.3  │     4.0  │    27.1  │   23.7  │     3.3  │     3.2  │     7.4  │    6.5 ║
║ T2-R36  │ LOS   │  105.7 │  106.7   │  17.66 │  18.50   │     3.3  │     3.8  │     3.3  │   11.8  │     3.3  │     3.3  │     3.4  │    4.0 ║
║ T3-R1   │ NLOS  │  130.6 │  133.4   │  16.06 │  15.97   │    10.9  │    12.2  │    12.0  │   11.8  │     6.7  │     6.1  │     5.8  │    5.5 ║
║ T3-R35  │ LOS   │  116.8 │  118.8   │  27.15 │  26.40   │    13.5  │    12.4  │    12.4  │   12.3  │    25.1  │    22.8  │    22.1  │   21.6 ║
║ T3-R36  │ LOS   │  115.1 │  117.0   │   8.37 │   9.93   │     3.3  │     3.7  │     3.2  │    6.5  │     3.3  │     3.3  │     2.9  │    2.7 ║
║ T3-R37  │ LOS   │  120.6 │  122.8   │  11.70 │  14.95   │     4.0  │     3.8  │     3.4  │   10.2  │     3.3  │     3.3  │     2.7  │    1.9 ║
║ T4-R1   │ NLOS  │  128.2 │  129.5   │  26.38 │  30.65   │     3.3  │     2.7  │    24.3  │   18.9  │     4.4  │     3.9  │     3.4  │    2.9 ║
║ T4-R3   │ LOS   │  113.3 │  115.8   │  17.16 │  22.77   │     5.0  │     4.7  │     4.1  │    7.9  │     3.3  │     3.5  │     2.9  │    2.4 ║
║ T4-R37  │ LOS   │  105.1 │  106.8   │   7.71 │   7.60   │     7.1  │    12.8  │    10.9  │   10.1  │    13.4  │    13.9  │    13.5  │   12.9 ║
║ T4-R38  │ NLOS  │  138.2 │  139.4   │   0.54 │   0.58   │     5.0  │     4.3  │     3.9  │    3.4  │     5.0  │     4.3  │     3.9  │    3.4 ║
║ T5-R1   │ NLOS  │  115.4 │  116.9   │  41.82 │  45.88   │    57.5  │    53.0  │    51.4  │   49.6  │    10.1  │     9.9  │    11.0  │   10.4 ║
║ T5-R10  │ NLOS  │  122.6 │  126.1   │  36.54 │  47.02   │     5.2  │    33.2  │    38.8  │   33.1  │    19.4  │    18.6  │    18.4  │   17.7 ║
║ T5-R3   │ LOS   │  107.2 │  109.0   │  15.54 │  17.88   │     3.3  │     8.7  │     7.8  │   10.1  │     3.3  │     8.4  │     8.3  │    8.0 ║
║ T5-R35  │ LOS   │  110.9 │  112.3   │   1.39 │   1.34   │     3.3  │     4.0  │     3.5  │    3.3  │     3.3  │     3.5  │     2.9  │    2.8 ║
║ T6-R1   │ LOS   │  104.0 │  106.5   │  18.66 │  17.74   │     4.7  │     4.7  │     4.2  │    6.8  │     4.9  │     4.7  │     4.2  │    4.4 ║
║ T6-R39  │ NLOS  │  113.2 │  115.5   │  23.58 │  23.84   │    61.4  │    62.2  │    61.6  │   62.7  │    31.8  │    31.2  │    31.3  │   31.1 ║
║ T6-R40  │ NLOS  │  120.1 │  122.8   │  29.76 │  35.99   │    34.9  │    32.3  │    30.6  │   29.7  │     4.0  │    26.6  │    24.4  │   22.1 ║
╚═════════╧═══════╧════════╧══════════╧════════╧══════════╧══════════╧══════════╧══════════╧═════════╧══════════╧══════════╧══════════╧════════╝

╔═══════════════════════════════════════════════════════════════════════════════════════════════════════════════════════════════╗
║                                              TABLE 3: STATISTICAL SUMMARY                                                      ║
╠════════════════════════════════╤═════════════════════════════════════╤═════════════════════════════════════════════════════════╣
║ Metric                         │     LOS (mean ± std)                │     NLOS (mean ± std)               │    ALL            ║
╠════════════════════════════════╪═════════════════════════════════════╪═════════════════════════════════════════════════════════╣
║ PL - NYU (SUM)                 │  109.1 ±   5.5 dB                    │  126.2 ±   8.0 dB                    │  116.1 ±  10.7 dB  ║
║ PL - USC (perDelayMax)         │  110.7 ±   5.7 dB                    │  128.1 ±   7.7 dB                    │  117.8 ±  10.8 dB  ║
║ Δ PL (NYU - USC)               │   -1.7 ±   0.5 dB                    │   -1.9 ±   0.8 dB                    │   -1.8 ±   0.6 dB  ║
╠════════════════════════════════╪═════════════════════════════════════╪═════════════════════════════════════════════════════════╣
║ DS - NYU (SUM)                 │  14.98 ±  9.07 ns                    │  26.10 ± 15.07 ns                    │  19.51 ± 12.88 ns  ║
║ DS - USC (perDelayMax)         │  15.84 ±  9.04 ns                    │  28.16 ± 16.19 ns                    │  20.86 ± 13.64 ns  ║
╠════════════════════════════════╪═════════════════════════════════════╪═════════════════════════════════════════════════════════╣
║ ASA - NYU 10dB                 │    7.4 ±  12.2 deg                   │   36.0 ±  25.6 deg                   │   19.1 ±  23.3 deg ║
║ ASA - NYU 20dB                 │    9.7 ±  12.6 deg                   │   39.0 ±  19.9 deg                   │   21.6 ±  21.4 deg ║
║ ASA - USC (no threshold)       │   12.3 ±  10.7 deg                   │   37.4 ±  20.4 deg                   │   22.5 ±  19.6 deg ║
╚════════════════════════════════╧═════════════════════════════════════╧═════════════════════════════════════════════════════════╝


  CSV results exported to: D:\unified-channel-analysis\matlab\processing\nyu_142\Results\NYU142GHz_Method_Comparison_Results.csv
  Excel results exported to: D:\unified-channel-analysis\matlab\processing\nyu_142\Results\NYU142GHz_Method_Comparison_Results.xlsx

═══════════════════════════════════════════════════════════════════════
  PROCESSING COMPLETE
═══════════════════════════════════════════════════════════════════════
  Figures saved to: D:\unified-channel-analysis\matlab\processing\nyu_142\Figures
  Results saved to: D:\unified-channel-analysis\matlab\processing\nyu_142\Results
  CSV exported to: D:\unified-channel-analysis\matlab\processing\nyu_142\Results\NYU142GHz_Method_Comparison_Results.csv
  Excel exported to: D:\unified-channel-analysis\matlab\processing\nyu_142\Results\NYU142GHz_Method_Comparison_Results.xlsx
═══════════════════════════════════════════════════════════════════════
[sweep]   ok (1.5 min) -> D:\unified-channel-analysis\figures\matlab\sweep\nyu142_N05_P30.csv
[sweep] NYU142GHz_Method_Comparison  <-  {"thres_below_pk":35}
Loaded TX power table: 27 unique TX-RX pairs
[sweep] NYU142 config override: {"thres_below_pk":35}
═══════════════════════════════════════════════════════════════════════
  NYU 142GHz Data: Method Comparison Configuration
═══════════════════════════════════════════════════════════════════════
  PDP Threshold: max(35 dB below peak, 5 dB above noise) [NYU method]
  Omni Synthesis: NYU=SUM, USC=perDelayMax
  PAS Thresholds: 10 dB, 15 dB, 20 dB (NYU only)
  TX Power: VARIES per TX-RX pair (from CSV), Ant Gain: TX=27 dB, RX=27 dB
  TX Power lookup table loaded: 27 unique TX-RX pairs
  Antenna patterns loaded: Azimuth (181 points), Elevation (181 points)
═══════════════════════════════════════════════════════════════════════

╔═══════════════════════════════════════════════════════════════════════╗
║         Processing NYU 142GHz Data with NYU and USC Methods          ║
╚═══════════════════════════════════════════════════════════════════════╝

Found 27 TX-RX location files

Processing [ 1/27] T1-R1 (Ptx=-3.50 dBm) ... LOS | PL: NYU=102.6, USC=103.5 | DS: NYU=7.5, USC=7.7 ns
Processing [ 2/27] T1-R14 (Ptx=-1.20 dBm) ... NLOS | PL: NYU=129.7, USC=131.5 | DS: NYU=13.1, USC=12.3 ns
Processing [ 3/27] T1-R16 (Ptx=-1.20 dBm) ... NLOS | PL: NYU=126.9, USC=128.2 | DS: NYU=23.1, USC=25.0 ns
Processing [ 4/27] T1-R18 (Ptx=-1.20 dBm) ... NLOS | PL: NYU=136.9, USC=138.4 | DS: NYU=56.5, USC=53.1 ns
Processing [ 5/27] T1-R23 (Ptx=-1.50 dBm) ... LOS | PL: NYU=110.8, USC=112.6 | DS: NYU=22.2, USC=23.3 ns
Processing [ 6/27] T1-R27 (Ptx=-1.87 dBm) ... LOS | PL: NYU=104.4, USC=106.1 | DS: NYU=5.7, USC=6.3 ns
Processing [ 7/27] T1-R31 (Ptx=-1.87 dBm) ... LOS | PL: NYU=105.0, USC=106.3 | DS: NYU=17.1, USC=18.1 ns
Processing [ 8/27] T1-R5 (Ptx=-3.50 dBm) ... LOS | PL: NYU=102.1, USC=103.1 | DS: NYU=3.2, USC=2.9 ns
Processing [ 9/27] T1-R9 (Ptx=-1.50 dBm) ... NLOS | PL: NYU=126.5, USC=127.5 | DS: NYU=19.8, USC=19.5 ns
Processing [10/27] T2-R1 (Ptx=-2.00 dBm) ... LOS | PL: NYU=112.0, USC=113.5 | DS: NYU=32.1, USC=28.1 ns
Processing [11/27] T2-R35 (Ptx=-2.00 dBm) ... LOS | PL: NYU=109.2, USC=110.7 | DS: NYU=27.1, USC=30.2 ns
Processing [12/27] T2-R36 (Ptx=-2.00 dBm) ... LOS | PL: NYU=105.7, USC=106.7 | DS: NYU=17.7, USC=18.5 ns
Processing [13/27] T3-R1 (Ptx=-1.37 dBm) ... NLOS | PL: NYU=130.6, USC=133.4 | DS: NYU=16.1, USC=16.0 ns
Processing [14/27] T3-R35 (Ptx=-1.37 dBm) ... LOS | PL: NYU=116.8, USC=118.8 | DS: NYU=27.2, USC=26.4 ns
Processing [15/27] T3-R36 (Ptx=-1.37 dBm) ... LOS | PL: NYU=115.1, USC=117.0 | DS: NYU=8.4, USC=9.9 ns
Processing [16/27] T3-R37 (Ptx=-1.37 dBm) ... LOS | PL: NYU=120.6, USC=122.8 | DS: NYU=11.7, USC=14.9 ns
Processing [17/27] T4-R1 (Ptx=-1.72 dBm) ... NLOS | PL: NYU=128.2, USC=129.5 | DS: NYU=26.4, USC=30.7 ns
Processing [18/27] T4-R3 (Ptx=-1.72 dBm) ... LOS | PL: NYU=113.3, USC=115.8 | DS: NYU=17.2, USC=22.8 ns
Processing [19/27] T4-R37 (Ptx=-1.72 dBm) ... LOS | PL: NYU=105.1, USC=106.8 | DS: NYU=7.7, USC=7.6 ns
Processing [20/27] T4-R38 (Ptx=-1.72 dBm) ... NLOS | PL: NYU=138.2, USC=139.4 | DS: NYU=0.5, USC=0.6 ns
Processing [21/27] T5-R1 (Ptx=-3.00 dBm) ... NLOS | PL: NYU=115.4, USC=116.9 | DS: NYU=41.8, USC=45.9 ns
Processing [22/27] T5-R10 (Ptx=-3.00 dBm) ... NLOS | PL: NYU=122.6, USC=126.1 | DS: NYU=36.5, USC=47.0 ns
Processing [23/27] T5-R3 (Ptx=-3.00 dBm) ... LOS | PL: NYU=107.2, USC=109.0 | DS: NYU=15.9, USC=18.4 ns
Processing [24/27] T5-R35 (Ptx=-3.00 dBm) ... LOS | PL: NYU=110.9, USC=112.3 | DS: NYU=1.4, USC=1.3 ns
Processing [25/27] T6-R1 (Ptx=-1.55 dBm) ... LOS | PL: NYU=104.0, USC=106.5 | DS: NYU=18.7, USC=17.7 ns
Processing [26/27] T6-R39 (Ptx=-1.55 dBm) ... NLOS | PL: NYU=113.2, USC=115.5 | DS: NYU=23.6, USC=23.8 ns
Processing [27/27] T6-R40 (Ptx=-1.55 dBm) ... NLOS | PL: NYU=120.1, USC=122.8 | DS: NYU=29.8, USC=36.0 ns

Processing complete!

╔═══════════════════════════════════════════════════════════════════════════════════════════════════════╗
║                               TABLE 1: METHOD COMPARISON SUMMARY                                       ║
╠════════════════════════╤═══════════════════════════════════╤═══════════════════════════════════════════╣
║ Aspect                 │ NYU Method                        │ USC Method                                ║
╠════════════════════════╪═══════════════════════════════════╪═══════════════════════════════════════════╣
║ PDP Threshold          │ max(25dB below pk, 5dB abv noise) │ SAME (NYU method)                         ║
║ Omni Synthesis         │ SUM across all directions         │ perDelayMax (max per delay)               ║
║ PAS Threshold          │ 10/15/20 dB below peak            │ NONE                                      ║
║ Lobe Expansion         │ Antenna pattern-based (HPBW=8°)   │ NONE                                      ║
║ AS Formula             │ 3GPP: sqrt(-2*ln(R))              │ SAME                                      ║
╚════════════════════════╧═══════════════════════════════════╧═══════════════════════════════════════════╝

╔════════════════════════════════════════════════════════════════════════════════════════════════════════════════════════════════════════════╗
║                                              TABLE 2: PER TX-RX PAIR RESULTS                                                               ║
╠═════════╤═══════╤═══════════════════╤═══════════════════╤═════════════════════════════════════════════════════════════════════════════════╣
║  TX-RX  │  Env  │   Path Loss (dB)  │ Delay Spread (ns) │                    Angular Spread (degrees)                                      ║
║         │       │   NYU  │   USC    │   NYU  │   USC    │  ASA-10  │  ASA-15  │  ASA-20  │ ASA-USC │  ASD-10  │  ASD-15  │  ASD-20  │ ASD-USC║
╠═════════╪═══════╪════════╪══════════╪════════╪══════════╪══════════╪══════════╪══════════╪═════════╪══════════╪══════════╪══════════╪════════╣
║ T1-R1   │ LOS   │  102.6 │  103.5   │   7.49 │   7.67   │     3.3  │    13.0  │    10.2  │    9.3  │     3.3  │    12.8  │    10.2  │    8.3 ║
║ T1-R14  │ NLOS  │  129.7 │  131.5   │  13.07 │  12.26   │    54.9  │    52.7  │    53.4  │   51.8  │     3.3  │     2.7  │     2.0  │    0.0 ║
║ T1-R16  │ NLOS  │  126.9 │  128.2   │  23.13 │  25.04   │    50.3  │    45.5  │    43.5  │   42.7  │     3.3  │     2.7  │     3.6  │    1.8 ║
║ T1-R18  │ NLOS  │  136.9 │  138.4   │  56.47 │  53.06   │    41.8  │    41.5  │    41.4  │   41.3  │     9.1  │     8.7  │     8.4  │    8.1 ║
║ T1-R23  │ LOS   │  110.8 │  112.6   │  22.17 │  23.32   │    52.0  │    48.3  │    50.9  │   48.7  │     5.4  │     6.4  │     5.8  │    5.2 ║
║ T1-R27  │ LOS   │  104.4 │  106.1   │   5.66 │   6.32   │     3.3  │     3.6  │     3.1  │    5.2  │     3.3  │     2.7  │     2.0  │    0.6 ║
║ T1-R31  │ LOS   │  105.0 │  106.3   │  17.09 │  18.10   │     3.3  │     4.1  │     3.6  │    9.1  │     3.3  │     2.7  │     6.9  │    3.9 ║
║ T1-R5   │ LOS   │  102.1 │  103.1   │   3.19 │   2.89   │     3.3  │     3.1  │     2.8  │   10.3  │     3.3  │     3.9  │     3.1  │    2.0 ║
║ T1-R9   │ NLOS  │  126.5 │  127.5   │  19.78 │  19.51   │    70.8  │    69.6  │    67.8  │   67.0  │     3.3  │     2.7  │     2.0  │    0.0 ║
║ T2-R1   │ LOS   │  112.0 │  113.5   │  32.07 │  28.11   │     3.3  │     3.7  │     5.3  │   11.1  │     3.3  │     2.9  │     5.1  │    7.6 ║
║ T2-R35  │ LOS   │  109.2 │  110.7   │  27.06 │  30.18   │     3.3  │     4.0  │    27.1  │   23.6  │     3.3  │     3.2  │     7.4  │    6.5 ║
║ T2-R36  │ LOS   │  105.7 │  106.7   │  17.66 │  18.50   │     3.3  │     3.8  │     3.3  │   11.8  │     3.3  │     3.3  │     3.4  │    4.0 ║
║ T3-R1   │ NLOS  │  130.6 │  133.4   │  16.06 │  15.97   │    10.9  │    12.2  │    12.0  │   11.8  │     6.7  │     6.1  │     5.8  │    5.5 ║
║ T3-R35  │ LOS   │  116.8 │  118.8   │  27.15 │  26.40   │    13.5  │    12.4  │    12.4  │   12.3  │    25.1  │    22.8  │    22.1  │   21.6 ║
║ T3-R36  │ LOS   │  115.1 │  117.0   │   8.37 │   9.93   │     3.3  │     3.7  │     3.2  │    6.5  │     3.3  │     3.3  │     2.9  │    2.7 ║
║ T3-R37  │ LOS   │  120.6 │  122.8   │  11.70 │  14.95   │     4.0  │     3.8  │     3.4  │   10.2  │     3.3  │     3.3  │     2.7  │    1.9 ║
║ T4-R1   │ NLOS  │  128.2 │  129.5   │  26.38 │  30.65   │     3.3  │     2.7  │    24.3  │   18.9  │     4.4  │     3.9  │     3.4  │    2.9 ║
║ T4-R3   │ LOS   │  113.3 │  115.8   │  17.16 │  22.77   │     5.0  │     4.7  │     4.1  │    7.9  │     3.3  │     3.5  │     2.9  │    2.4 ║
║ T4-R37  │ LOS   │  105.1 │  106.8   │   7.71 │   7.60   │     7.1  │    12.8  │    10.9  │   10.1  │    13.4  │    13.9  │    13.5  │   12.9 ║
║ T4-R38  │ NLOS  │  138.2 │  139.4   │   0.54 │   0.58   │     5.0  │     4.3  │     3.9  │    3.4  │     5.0  │     4.3  │     3.9  │    3.4 ║
║ T5-R1   │ NLOS  │  115.4 │  116.9   │  41.82 │  45.88   │    57.5  │    53.0  │    51.4  │   49.6  │    10.1  │     9.9  │    11.0  │   10.4 ║
║ T5-R10  │ NLOS  │  122.6 │  126.1   │  36.54 │  47.02   │     5.2  │    33.2  │    38.8  │   33.1  │    19.4  │    18.6  │    18.4  │   17.7 ║
║ T5-R3   │ LOS   │  107.2 │  109.0   │  15.94 │  18.39   │     3.3  │     8.7  │     7.8  │   10.1  │     3.3  │     8.4  │     8.3  │    7.9 ║
║ T5-R35  │ LOS   │  110.9 │  112.3   │   1.39 │   1.34   │     3.3  │     4.0  │     3.5  │    3.3  │     3.3  │     3.5  │     2.9  │    2.8 ║
║ T6-R1   │ LOS   │  104.0 │  106.5   │  18.66 │  17.74   │     4.7  │     4.7  │     4.2  │    6.8  │     4.9  │     4.7  │     4.2  │    4.4 ║
║ T6-R39  │ NLOS  │  113.2 │  115.5   │  23.58 │  23.84   │    61.4  │    62.2  │    61.6  │   62.7  │    31.8  │    31.2  │    31.3  │   31.1 ║
║ T6-R40  │ NLOS  │  120.1 │  122.8   │  29.76 │  35.99   │    34.9  │    32.3  │    30.6  │   29.7  │     4.0  │    26.6  │    24.4  │   22.1 ║
╚═════════╧═══════╧════════╧══════════╧════════╧══════════╧══════════╧══════════╧══════════╧═════════╧══════════╧══════════╧══════════╧════════╝

╔═══════════════════════════════════════════════════════════════════════════════════════════════════════════════════════════════╗
║                                              TABLE 3: STATISTICAL SUMMARY                                                      ║
╠════════════════════════════════╤═════════════════════════════════════╤═════════════════════════════════════════════════════════╣
║ Metric                         │     LOS (mean ± std)                │     NLOS (mean ± std)               │    ALL            ║
╠════════════════════════════════╪═════════════════════════════════════╪═════════════════════════════════════════════════════════╣
║ PL - NYU (SUM)                 │  109.1 ±   5.5 dB                    │  126.2 ±   8.0 dB                    │  116.0 ±  10.7 dB  ║
║ PL - USC (perDelayMax)         │  110.7 ±   5.7 dB                    │  128.1 ±   7.7 dB                    │  117.8 ±  10.8 dB  ║
║ Δ PL (NYU - USC)               │   -1.7 ±   0.5 dB                    │   -1.9 ±   0.8 dB                    │   -1.8 ±   0.6 dB  ║
╠════════════════════════════════╪═════════════════════════════════════╪═════════════════════════════════════════════════════════╣
║ DS - NYU (SUM)                 │  15.03 ±  9.10 ns                    │  26.10 ± 15.07 ns                    │  19.54 ± 12.88 ns  ║
║ DS - USC (perDelayMax)         │  15.89 ±  9.07 ns                    │  28.16 ± 16.19 ns                    │  20.89 ± 13.64 ns  ║
╠════════════════════════════════╪═════════════════════════════════════╪═════════════════════════════════════════════════════════╣
║ ASA - NYU 10dB                 │    7.4 ±  12.2 deg                   │   36.0 ±  25.6 deg                   │   19.1 ±  23.3 deg ║
║ ASA - NYU 20dB                 │    9.7 ±  12.6 deg                   │   39.0 ±  19.9 deg                   │   21.6 ±  21.4 deg ║
║ ASA - USC (no threshold)       │   12.3 ±  10.7 deg                   │   37.4 ±  20.4 deg                   │   22.5 ±  19.6 deg ║
╚════════════════════════════════╧═════════════════════════════════════╧═════════════════════════════════════════════════════════╝


  CSV results exported to: D:\unified-channel-analysis\matlab\processing\nyu_142\Results\NYU142GHz_Method_Comparison_Results.csv
  Excel results exported to: D:\unified-channel-analysis\matlab\processing\nyu_142\Results\NYU142GHz_Method_Comparison_Results.xlsx

═══════════════════════════════════════════════════════════════════════
  PROCESSING COMPLETE
═══════════════════════════════════════════════════════════════════════
  Figures saved to: D:\unified-channel-analysis\matlab\processing\nyu_142\Figures
  Results saved to: D:\unified-channel-analysis\matlab\processing\nyu_142\Results
  CSV exported to: D:\unified-channel-analysis\matlab\processing\nyu_142\Results\NYU142GHz_Method_Comparison_Results.csv
  Excel exported to: D:\unified-channel-analysis\matlab\processing\nyu_142\Results\NYU142GHz_Method_Comparison_Results.xlsx
═══════════════════════════════════════════════════════════════════════
[sweep]   ok (1.5 min) -> D:\unified-channel-analysis\figures\matlab\sweep\nyu142_N05_P35.csv
[sweep] USC142GHz_Method_Comparison_Full  <-  {"noise_margin_dB":6}
[sweep] USC145 config override: {"noise_margin_dB":6}
═══════════════════════════════════════════════════════════════════════
  USC 145GHz Data: Full Method Comparison (NYU vs USC)
═══════════════════════════════════════════════════════════════════════
  PDP Threshold: Global max noise + 6 dB [USC method, common]
  Omni Synthesis: NYU=SUM, USC=perDelayMax
  PAS Thresholds: 10 dB, 15 dB, 20 dB (NYU AS only)
  Correction Factor: -1.95 dB (elevation summing)
  TX Power: -2.0 dBm, Ant Gain: TX=21 dB, RX=21 dB
═══════════════════════════════════════════════════════════════════════

Antenna pattern loaded: 181 points
╔═══════════════════════════════════════════════════════════════════════╗
║    Processing USC 145GHz Data: PL, DS, and AS (NYU vs USC Methods)   ║
╚═══════════════════════════════════════════════════════════════════════╝

Processing LOS locations...
─────────────────────────────────────────────────────────────────────────
Processing [ 1/13] R01 (d=64.5 m) ... PL: 102.8/109.6 dB | DS: 56.0/61.2 ns | ASA: 26.9/30.9 deg
Processing [ 2/13] R02 (d=82.5 m) ... PL: 106.0/112.7 dB | DS: 38.6/42.7 ns | ASA: 9.7/18.7 deg
Processing [ 3/13] R03 (d=32.1 m) ... PL: 97.7/103.7 dB | DS: 16.2/17.0 ns | ASA: 10.3/10.7 deg
Processing [ 4/13] R04 (d=40.8 m) ... PL: 100.1/107.1 dB | DS: 31.2/33.4 ns | ASA: 9.8/14.4 deg
Processing [ 5/13] R05 (d=49.8 m) ... PL: 101.6/107.8 dB | DS: 22.2/24.1 ns | ASA: 9.8/12.5 deg
Processing [ 6/13] R06 (d=72.3 m) ... PL: 103.9/110.1 dB | DS: 68.6/69.3 ns | ASA: 15.4/29.3 deg
Processing [ 7/13] R07 (d=20.4 m) ... PL: 92.1/99.5 dB | DS: 3.2/4.8 ns | ASA: 10.3/13.2 deg
Processing [ 8/13] R08 (d=33.9 m) ... PL: 97.9/104.5 dB | DS: 11.6/13.3 ns | ASA: 9.8/10.5 deg
Processing [ 9/13] R09 (d=45.9 m) ... PL: 100.5/107.0 dB | DS: 9.7/11.9 ns | ASA: 10.1/10.8 deg
Processing [10/13] R10 (d=54.3 m) ... PL: 101.5/107.9 dB | DS: 24.8/26.1 ns | ASA: 9.8/22.3 deg
Processing [11/13] R11 (d=36.3 m) ... PL: 101.1/107.5 dB | DS: 6.6/7.5 ns | ASA: 9.9/11.8 deg
Processing [12/13] R12 (d=57.9 m) ... PL: 103.0/108.6 dB | DS: 7.3/9.8 ns | ASA: 10.5/12.0 deg
Processing [13/13] R13 (d=65.7 m) ... PL: 101.9/109.6 dB | DS: 4.1/6.5 ns | ASA: 11.9/12.2 deg

Processing NLOS locations...
─────────────────────────────────────────────────────────────────────────
Processing [ 1/13] R01 (d=46.0 m) ... PL: 118.1/122.5 dB | DS: 47.3/49.2 ns | ASA: 10.9/25.4 deg
Processing [ 2/13] R02 (d=73.0 m) ... PL: 121.7/128.0 dB | DS: 51.1/67.9 ns | ASA: 23.9/35.4 deg
Processing [ 3/13] R03 (d=83.0 m) ... PL: 122.8/128.4 dB | DS: 103.0/96.7 ns | ASA: 29.2/43.7 deg
Processing [ 4/13] R04 (d=40.7 m) ... PL: 115.8/122.7 dB | DS: 55.8/78.6 ns | ASA: 47.9/51.1 deg
Processing [ 5/13] R05 (d=53.4 m) ... PL: 116.8/121.5 dB | DS: 75.5/81.0 ns | ASA: 79.1/83.0 deg
Processing [ 6/13] R06 (d=62.6 m) ... PL: 120.1/125.9 dB | DS: 110.2/124.7 ns | ASA: 56.7/62.3 deg
Processing [ 7/13] R07 (d=35.0 m) ... PL: 104.8/109.4 dB | DS: 16.4/24.2 ns | ASA: 9.2/20.9 deg
Processing [ 8/13] R08 (d=45.5 m) ... PL: 101.2/106.2 dB | DS: 7.0/12.4 ns | ASA: 9.9/11.9 deg
Processing [ 9/13] R09 (d=58.5 m) ... PL: 115.1/121.6 dB | DS: 25.4/42.9 ns | ASA: 17.6/22.6 deg
Processing [10/13] R10 (d=65.7 m) ... PL: 119.9/125.0 dB | DS: 40.4/56.6 ns | ASA: 11.7/25.6 deg
Processing [11/13] R11 (d=18.3 m) ... PL: 112.6/118.9 dB | DS: 16.0/25.7 ns | ASA: 19.8/27.2 deg
Processing [12/13] R12 (d=20.8 m) ... PL: 105.2/109.4 dB | DS: 7.2/11.7 ns | ASA: 9.6/11.9 deg
Processing [13/13] R13 (d=30.0 m) ... PL: 119.4/124.0 dB | DS: 51.7/66.0 ns | ASA: 16.8/32.8 deg

Processing complete!

╔═══════════════════════════════════════════════════════════════════════════════════════════════════════╗
║                               TABLE 1: METHOD COMPARISON SUMMARY                                       ║
╠════════════════════════╤═══════════════════════════════════╤═══════════════════════════════════════════╣
║ Aspect                 │ NYU Method                        │ USC Method                                ║
╠════════════════════════╪═══════════════════════════════════╪═══════════════════════════════════════════╣
║ PDP Threshold          │ Global noise + 12dB               │ SAME (common)                             ║
║ Omni Synthesis (PL/DS) │ SUM across all directions         │ perDelayMax (max per delay)               ║
║ PAS Threshold (AS)     │ 10/15/20 dB below peak            │ NONE                                      ║
║ Lobe Expansion (AS)    │ Antenna pattern-based (HPBW=10°)  │ NONE                                      ║
║ AS Formula             │ 3GPP: sqrt(-2*ln(R))              │ SAME                                      ║
╚════════════════════════╧═══════════════════════════════════╧═══════════════════════════════════════════╝

╔════════════════════════════════════════════════════════════════════════════════════════════════════════════════════════════════════════════════════════════════════╗
║                                                            TABLE 2: PER-LOCATION RESULTS                                                                           ║
╠═════════╤══════╤═══════════════════╤═══════════════════╤═════════════════════════════════════════╤═════════════════════════════════════════════════════════════════╣
║  Loc    │ Env  │   Path Loss (dB)  │  Delay Spread(ns) │          ASA (degrees)                  │              ASD (degrees)                                      ║
║         │      │  NYU   │   USC    │  NYU   │   USC    │ NYU-10 │ NYU-15 │ NYU-20 │  USC  │ NYU-10 │ NYU-15 │ NYU-20 │  USC  ║
╠═════════╪══════╪════════╪══════════╪════════╪══════════╪════════╪════════╪════════╪═══════╪════════╪════════╪════════╪═══════╣
║ R01     │ LOS  │  102.8 │  109.6   │   56.0 │   61.2   │   26.9 │   24.8 │   31.4 │  30.9 │    9.8 │   11.0 │   12.6 │  12.6 ║
║ R02     │ LOS  │  106.0 │  112.7   │   38.6 │   42.7   │    9.7 │   11.0 │   18.8 │  18.7 │   10.4 │   13.0 │   12.8 │  12.9 ║
║ R03     │ LOS  │   97.7 │  103.7   │   16.2 │   17.0   │   10.3 │    9.5 │    9.4 │  10.7 │    9.4 │    9.6 │    9.5 │  10.0 ║
║ R04     │ LOS  │  100.1 │  107.1   │   31.2 │   33.4   │    9.8 │    9.6 │   11.6 │  14.4 │   10.3 │   10.2 │   11.2 │  11.4 ║
║ R05     │ LOS  │  101.6 │  107.8   │   22.2 │   24.1   │    9.8 │    9.5 │   11.1 │  12.5 │    9.8 │    9.5 │   11.1 │  11.0 ║
║ R06     │ LOS  │  103.9 │  110.1   │   68.6 │   69.3   │   15.4 │   32.6 │   28.8 │  29.3 │    9.5 │   14.8 │   14.8 │  14.4 ║
║ R07     │ LOS  │   92.1 │   99.5   │    3.2 │    4.8   │   10.3 │   10.4 │   10.4 │  13.2 │   10.2 │   10.4 │   10.4 │  10.1 ║
║ R08     │ LOS  │   97.9 │  104.5   │   11.6 │   13.3   │    9.8 │   10.0 │    9.8 │  10.5 │    9.9 │    9.8 │    9.7 │   9.3 ║
║ R09     │ LOS  │  100.5 │  107.0   │    9.7 │   11.9   │   10.1 │    9.6 │    9.4 │  10.8 │    9.6 │    9.6 │    9.5 │   9.2 ║
║ R10     │ LOS  │  101.5 │  107.9   │   24.8 │   26.1   │    9.8 │   17.7 │   22.3 │  22.3 │    9.5 │   14.7 │   13.9 │  13.3 ║
║ R11     │ LOS  │  101.1 │  107.5   │    6.6 │    7.5   │    9.9 │    9.7 │    9.8 │  11.8 │    9.6 │    9.6 │    9.6 │   9.6 ║
║ R12     │ LOS  │  103.0 │  108.6   │    7.3 │    9.8   │   10.5 │   10.2 │   10.9 │  12.0 │    9.5 │    9.6 │    9.5 │   9.4 ║
║ R13     │ LOS  │  101.9 │  109.6   │    4.1 │    6.5   │   11.9 │   11.0 │   11.1 │  12.2 │   11.7 │   11.5 │   11.1 │  11.0 ║
║ R01     │ NLOS │  118.1 │  122.5   │   47.3 │   49.2   │   10.9 │   22.6 │   23.8 │  25.4 │   45.7 │   45.0 │   44.5 │  44.3 ║
║ R02     │ NLOS │  121.7 │  128.0   │   51.1 │   67.9   │   23.9 │   26.3 │   33.4 │  35.4 │   33.2 │   32.5 │   32.0 │  31.7 ║
║ R03     │ NLOS │  122.8 │  128.4   │  103.0 │   96.7   │   29.2 │   36.3 │   44.7 │  43.7 │   30.7 │   30.7 │   30.1 │  29.7 ║
║ R04     │ NLOS │  115.8 │  122.7   │   55.8 │   78.6   │   47.9 │   50.9 │   51.5 │  51.1 │   11.6 │   17.1 │   16.3 │  15.9 ║
║ R05     │ NLOS │  116.8 │  121.5   │   75.5 │   81.0   │   79.1 │   82.6 │   82.6 │  83.0 │   23.5 │   23.5 │   22.9 │  22.4 ║
║ R06     │ NLOS │  120.1 │  125.9   │  110.2 │  124.7   │   56.7 │   58.5 │   62.6 │  62.3 │   21.8 │   23.1 │   23.2 │  22.6 ║
║ R07     │ NLOS │  104.8 │  109.4   │   16.4 │   24.2   │    9.2 │   12.3 │   19.9 │  20.9 │   10.0 │   10.1 │   11.1 │  11.0 ║
║ R08     │ NLOS │  101.2 │  106.2   │    7.0 │   12.4   │    9.9 │   10.1 │    9.8 │  11.9 │   10.3 │   10.0 │    9.6 │   9.8 ║
║ R09     │ NLOS │  115.1 │  121.6   │   25.4 │   42.9   │   17.6 │   17.8 │   22.7 │  22.6 │   27.2 │   26.4 │   26.7 │  26.3 ║
║ R10     │ NLOS │  119.9 │  125.0   │   40.4 │   56.6   │   11.7 │   13.6 │   25.7 │  25.6 │   12.5 │   15.6 │   14.9 │  14.6 ║
║ R11     │ NLOS │  112.6 │  118.9   │   16.0 │   25.7   │   19.8 │   23.5 │   26.7 │  27.2 │   18.2 │   17.2 │   16.8 │  17.2 ║
║ R12     │ NLOS │  105.2 │  109.4   │    7.2 │   11.7   │    9.6 │    8.8 │    9.4 │  11.9 │    9.5 │    9.2 │    9.1 │   9.4 ║
║ R13     │ NLOS │  119.4 │  124.0   │   51.7 │   66.0   │   16.8 │   24.0 │   31.8 │  32.8 │   30.3 │   30.4 │   29.6 │  29.2 ║
╚═════════╧══════╧════════╧══════════╧════════╧══════════╧════════╧════════╧════════╧═══════╧════════╧════════╧════════╧═══════╝

╔═══════════════════════════════════════════════════════════════════════════════════════════════════════════════════════════════╗
║                                              TABLE 3: STATISTICAL SUMMARY                                                      ║
╠════════════════════════════════╤═════════════════════════════════════╤═════════════════════════════════════════════════════════╣
║ Metric                         │     LOS (mean ± std)                │     NLOS (mean ± std)               │    ALL            ║
╠════════════════════════════════╪═════════════════════════════════════╪═════════════════════════════════════════════════════════╣
║ PL - NYU (SUM)                 │  100.8 ±   3.4 dB                    │  114.9 ±   7.0 dB                    │  107.8 ±   9.0 dB  ║
║ PL - USC (perDelayMax)         │  107.3 ±   3.3 dB                    │  120.3 ±   7.3 dB                    │  113.8 ±   8.6 dB  ║
║ Δ PL (NYU - USC)               │  -6.56 ±  0.54 dB                    │  -5.37 ±  0.89 dB                    │  -5.97 ±  0.95 dB  ║
╠════════════════════════════════╪═════════════════════════════════════╪═════════════════════════════════════════════════════════╣
║ DS - NYU (SUM)                 │   23.1 ±  20.6 ns                    │   46.7 ±  33.7 ns                    │   34.9 ±  29.9 ns  ║
║ DS - USC (perDelayMax)         │   25.2 ±  21.1 ns                    │   56.7 ±  33.9 ns                    │   41.0 ±  32.0 ns  ║
╠════════════════════════════════╪═════════════════════════════════════╪═════════════════════════════════════════════════════════╣
║ ASA - NYU 10dB                 │   11.9 ±   4.8 deg                   │   26.3 ±  21.8 deg                   │   19.1 ±  17.1 deg ║
║ ASA - NYU 15dB                 │   13.5 ±   7.2 deg                   │   29.8 ±  21.9 deg                   │   21.6 ±  18.0 deg ║
║ ASA - NYU 20dB                 │   15.0 ±   7.8 deg                   │   34.2 ±  21.1 deg                   │   24.6 ±  18.4 deg ║
║ ASA - USC (no threshold)       │   16.1 ±   7.1 deg                   │   34.9 ±  20.5 deg                   │   25.5 ±  17.8 deg ║
╠════════════════════════════════╪═════════════════════════════════════╪═════════════════════════════════════════════════════════╣
║ ASD - NYU 10dB                 │    9.9 ±   0.6 deg                   │   21.9 ±  11.2 deg                   │   15.9 ±   9.9 deg ║
║ ASD - NYU 15dB                 │   11.0 ±   1.9 deg                   │   22.4 ±  10.6 deg                   │   16.7 ±   9.4 deg ║
║ ASD - NYU 20dB                 │   11.2 ±   1.8 deg                   │   22.1 ±  10.4 deg                   │   16.6 ±   9.2 deg ║
║ ASD - USC (no threshold)       │   11.1 ±   1.7 deg                   │   21.9 ±  10.3 deg                   │   16.5 ±   9.1 deg ║
╚════════════════════════════════╧═════════════════════════════════════╧═════════════════════════════════════════════════════════╝

Generating figures...
Figures saved to: D:\unified-channel-analysis\matlab\processing\usc_145\Figures

Saving results...

═══════════════════════════════════════════════════════════════════════
  Results saved to: D:\unified-channel-analysis\matlab\processing\usc_145\Results
    - USC145GHz_Full_Results.csv (flat table)
    - USC145GHz_Full_Results.xlsx (5 sheets)
    - USC145GHz_Full_Results.mat (MATLAB format)
  Figures saved to: D:\unified-channel-analysis\matlab\processing\usc_145\Figures
═══════════════════════════════════════════════════════════════════════

Done!
[sweep]   ok (0.7 min) -> D:\unified-channel-analysis\figures\matlab\sweep\usc145_M06.csv
[sweep] USC142GHz_Method_Comparison_Full  <-  {"noise_margin_dB":9}
[sweep] USC145 config override: {"noise_margin_dB":9}
═══════════════════════════════════════════════════════════════════════
  USC 145GHz Data: Full Method Comparison (NYU vs USC)
═══════════════════════════════════════════════════════════════════════
  PDP Threshold: Global max noise + 9 dB [USC method, common]
  Omni Synthesis: NYU=SUM, USC=perDelayMax
  PAS Thresholds: 10 dB, 15 dB, 20 dB (NYU AS only)
  Correction Factor: -1.95 dB (elevation summing)
  TX Power: -2.0 dBm, Ant Gain: TX=21 dB, RX=21 dB
═══════════════════════════════════════════════════════════════════════

Antenna pattern loaded: 181 points
╔═══════════════════════════════════════════════════════════════════════╗
║    Processing USC 145GHz Data: PL, DS, and AS (NYU vs USC Methods)   ║
╚═══════════════════════════════════════════════════════════════════════╝

Processing LOS locations...
─────────────────────────────────────────────────────────────────────────
Processing [ 1/13] R01 (d=64.5 m) ... PL: 102.9/109.6 dB | DS: 52.6/58.1 ns | ASA: 26.9/30.4 deg
Processing [ 2/13] R02 (d=82.5 m) ... PL: 106.0/112.7 dB | DS: 33.0/34.4 ns | ASA: 9.7/18.1 deg
Processing [ 3/13] R03 (d=32.1 m) ... PL: 97.7/103.7 dB | DS: 15.4/16.0 ns | ASA: 10.3/10.5 deg
Processing [ 4/13] R04 (d=40.8 m) ... PL: 100.2/107.1 dB | DS: 30.7/33.1 ns | ASA: 9.8/14.2 deg
Processing [ 5/13] R05 (d=49.8 m) ... PL: 101.6/107.8 dB | DS: 21.3/23.1 ns | ASA: 9.8/12.3 deg
Processing [ 6/13] R06 (d=72.3 m) ... PL: 103.9/110.1 dB | DS: 68.2/68.8 ns | ASA: 15.4/29.1 deg
Processing [ 7/13] R07 (d=20.4 m) ... PL: 92.1/99.5 dB | DS: 3.1/4.7 ns | ASA: 10.3/13.2 deg
Processing [ 8/13] R08 (d=33.9 m) ... PL: 97.9/104.5 dB | DS: 11.5/13.2 ns | ASA: 9.8/10.5 deg
Processing [ 9/13] R09 (d=45.9 m) ... PL: 100.5/107.0 dB | DS: 9.6/11.8 ns | ASA: 10.1/10.8 deg
Processing [10/13] R10 (d=54.3 m) ... PL: 101.5/107.9 dB | DS: 24.7/26.0 ns | ASA: 9.8/22.3 deg
Processing [11/13] R11 (d=36.3 m) ... PL: 101.1/107.5 dB | DS: 6.1/7.0 ns | ASA: 9.9/11.7 deg
Processing [12/13] R12 (d=57.9 m) ... PL: 103.0/108.6 dB | DS: 4.1/5.1 ns | ASA: 10.5/11.8 deg
Processing [13/13] R13 (d=65.7 m) ... PL: 101.9/109.6 dB | DS: 3.2/5.1 ns | ASA: 11.9/12.2 deg

Processing NLOS locations...
─────────────────────────────────────────────────────────────────────────
Processing [ 1/13] R01 (d=46.0 m) ... PL: 118.3/122.5 dB | DS: 29.6/26.2 ns | ASA: 11.0/21.3 deg
Processing [ 2/13] R02 (d=73.0 m) ... PL: 122.2/128.2 dB | DS: 23.8/28.3 ns | ASA: 23.7/28.9 deg
Processing [ 3/13] R03 (d=83.0 m) ... PL: 123.7/128.8 dB | DS: 24.5/36.7 ns | ASA: 28.6/31.5 deg
Processing [ 4/13] R04 (d=40.7 m) ... PL: 115.9/122.8 dB | DS: 48.2/65.5 ns | ASA: 44.7/50.6 deg
Processing [ 5/13] R05 (d=53.4 m) ... PL: 117.0/121.6 dB | DS: 66.2/69.5 ns | ASA: 80.5/82.0 deg
Processing [ 6/13] R06 (d=62.6 m) ... PL: 120.9/126.3 dB | DS: 48.0/62.9 ns | ASA: 55.6/55.7 deg
Processing [ 7/13] R07 (d=35.0 m) ... PL: 104.8/109.4 dB | DS: 6.6/7.9 ns | ASA: 9.2/20.3 deg
Processing [ 8/13] R08 (d=45.5 m) ... PL: 101.2/106.2 dB | DS: 2.8/3.4 ns | ASA: 9.9/11.5 deg
Processing [ 9/13] R09 (d=58.5 m) ... PL: 115.1/121.7 dB | DS: 16.1/24.3 ns | ASA: 17.6/21.9 deg
Processing [10/13] R10 (d=65.7 m) ... PL: 120.1/125.1 dB | DS: 27.0/33.1 ns | ASA: 11.9/23.8 deg
Processing [11/13] R11 (d=18.3 m) ... PL: 112.7/118.9 dB | DS: 11.9/14.3 ns | ASA: 19.8/26.7 deg
Processing [12/13] R12 (d=20.8 m) ... PL: 105.2/109.4 dB | DS: 3.7/4.1 ns | ASA: 9.5/11.5 deg
Processing [13/13] R13 (d=30.0 m) ... PL: 119.6/124.1 dB | DS: 39.3/41.8 ns | ASA: 16.5/30.3 deg

Processing complete!

╔═══════════════════════════════════════════════════════════════════════════════════════════════════════╗
║                               TABLE 1: METHOD COMPARISON SUMMARY                                       ║
╠════════════════════════╤═══════════════════════════════════╤═══════════════════════════════════════════╣
║ Aspect                 │ NYU Method                        │ USC Method                                ║
╠════════════════════════╪═══════════════════════════════════╪═══════════════════════════════════════════╣
║ PDP Threshold          │ Global noise + 12dB               │ SAME (common)                             ║
║ Omni Synthesis (PL/DS) │ SUM across all directions         │ perDelayMax (max per delay)               ║
║ PAS Threshold (AS)     │ 10/15/20 dB below peak            │ NONE                                      ║
║ Lobe Expansion (AS)    │ Antenna pattern-based (HPBW=10°)  │ NONE                                      ║
║ AS Formula             │ 3GPP: sqrt(-2*ln(R))              │ SAME                                      ║
╚════════════════════════╧═══════════════════════════════════╧═══════════════════════════════════════════╝

╔════════════════════════════════════════════════════════════════════════════════════════════════════════════════════════════════════════════════════════════════════╗
║                                                            TABLE 2: PER-LOCATION RESULTS                                                                           ║
╠═════════╤══════╤═══════════════════╤═══════════════════╤═════════════════════════════════════════╤═════════════════════════════════════════════════════════════════╣
║  Loc    │ Env  │   Path Loss (dB)  │  Delay Spread(ns) │          ASA (degrees)                  │              ASD (degrees)                                      ║
║         │      │  NYU   │   USC    │  NYU   │   USC    │ NYU-10 │ NYU-15 │ NYU-20 │  USC  │ NYU-10 │ NYU-15 │ NYU-20 │  USC  ║
╠═════════╪══════╪════════╪══════════╪════════╪══════════╪════════╪════════╪════════╪═══════╪════════╪════════╪════════╪═══════╣
║ R01     │ LOS  │  102.9 │  109.6   │   52.6 │   58.1   │   26.9 │   24.8 │   31.3 │  30.4 │    9.8 │   10.9 │   12.4 │  12.4 ║
║ R02     │ LOS  │  106.0 │  112.7   │   33.0 │   34.4   │    9.7 │   11.0 │   18.7 │  18.1 │   10.4 │   12.7 │   12.6 │  12.5 ║
║ R03     │ LOS  │   97.7 │  103.7   │   15.4 │   16.0   │   10.3 │    9.5 │    9.4 │  10.5 │    9.4 │    9.6 │    9.4 │   9.9 ║
║ R04     │ LOS  │  100.2 │  107.1   │   30.7 │   33.1   │    9.8 │    9.6 │   11.6 │  14.2 │   10.3 │   10.2 │   11.2 │  11.4 ║
║ R05     │ LOS  │  101.6 │  107.8   │   21.3 │   23.1   │    9.8 │    9.5 │   11.1 │  12.3 │    9.8 │    9.5 │   11.1 │  10.9 ║
║ R06     │ LOS  │  103.9 │  110.1   │   68.2 │   68.8   │   15.4 │   32.5 │   28.8 │  29.1 │    9.5 │   14.8 │   14.7 │  14.3 ║
║ R07     │ LOS  │   92.1 │   99.5   │    3.1 │    4.7   │   10.3 │   10.4 │   10.4 │  13.2 │   10.2 │   10.4 │   10.4 │  10.1 ║
║ R08     │ LOS  │   97.9 │  104.5   │   11.5 │   13.2   │    9.8 │   10.0 │    9.8 │  10.5 │    9.9 │    9.8 │    9.7 │   9.3 ║
║ R09     │ LOS  │  100.5 │  107.0   │    9.6 │   11.8   │   10.1 │    9.6 │    9.4 │  10.8 │    9.6 │    9.6 │    9.5 │   9.2 ║
║ R10     │ LOS  │  101.5 │  107.9   │   24.7 │   26.0   │    9.8 │   17.7 │   22.3 │  22.3 │    9.5 │   14.7 │   13.9 │  13.3 ║
║ R11     │ LOS  │  101.1 │  107.5   │    6.1 │    7.0   │    9.9 │    9.7 │    9.8 │  11.7 │    9.6 │    9.6 │    9.6 │   9.6 ║
║ R12     │ LOS  │  103.0 │  108.6   │    4.1 │    5.1   │   10.5 │   10.2 │   10.9 │  11.8 │    9.5 │    9.5 │    9.5 │   9.4 ║
║ R13     │ LOS  │  101.9 │  109.6   │    3.2 │    5.1   │   11.9 │   11.0 │   11.1 │  12.2 │   11.7 │   11.5 │   11.1 │  11.0 ║
║ R01     │ NLOS │  118.3 │  122.5   │   29.6 │   26.2   │   11.0 │   14.9 │   21.3 │  21.3 │   46.1 │   45.4 │   45.0 │  44.8 ║
║ R02     │ NLOS │  122.2 │  128.2   │   23.8 │   28.3   │   23.7 │   25.0 │   29.4 │  28.9 │   31.4 │   32.0 │   31.5 │  31.1 ║
║ R03     │ NLOS │  123.7 │  128.8   │   24.5 │   36.7   │   28.6 │   28.1 │   32.5 │  31.5 │   28.5 │   28.3 │   27.6 │  27.4 ║
║ R04     │ NLOS │  115.9 │  122.8   │   48.2 │   65.5   │   44.7 │   50.7 │   51.1 │  50.6 │   11.5 │   17.1 │   16.2 │  15.7 ║
║ R05     │ NLOS │  117.0 │  121.6   │   66.2 │   69.5   │   80.5 │   80.9 │   81.9 │  82.0 │   23.5 │   23.5 │   22.8 │  22.4 ║
║ R06     │ NLOS │  120.9 │  126.3   │   48.0 │   62.9   │   55.6 │   55.0 │   55.8 │  55.7 │   19.4 │   22.3 │   21.6 │  21.1 ║
║ R07     │ NLOS │  104.8 │  109.4   │    6.6 │    7.9   │    9.2 │   12.3 │   19.8 │  20.3 │   10.0 │   10.1 │   11.0 │  10.8 ║
║ R08     │ NLOS │  101.2 │  106.2   │    2.8 │    3.4   │    9.9 │   10.1 │    9.7 │  11.5 │   10.3 │   10.0 │    9.6 │   9.7 ║
║ R09     │ NLOS │  115.1 │  121.7   │   16.1 │   24.3   │   17.6 │   17.8 │   22.5 │  21.9 │   27.2 │   26.4 │   26.7 │  26.3 ║
║ R10     │ NLOS │  120.1 │  125.1   │   27.0 │   33.1   │   11.9 │   13.4 │   24.1 │  23.8 │   12.5 │   15.4 │   14.7 │  14.3 ║
║ R11     │ NLOS │  112.7 │  118.9   │   11.9 │   14.3   │   19.8 │   23.3 │   26.3 │  26.7 │   18.2 │   17.2 │   16.8 │  17.1 ║
║ R12     │ NLOS │  105.2 │  109.4   │    3.7 │    4.1   │    9.5 │    8.8 │    9.4 │  11.5 │    9.4 │    9.2 │    9.1 │   9.3 ║
║ R13     │ NLOS │  119.6 │  124.1   │   39.3 │   41.8   │   16.5 │   23.7 │   30.1 │  30.3 │   28.0 │   30.0 │   29.2 │  28.7 ║
╚═════════╧══════╧════════╧══════════╧════════╧══════════╧════════╧════════╧════════╧═══════╧════════╧════════╧════════╧═══════╝

╔═══════════════════════════════════════════════════════════════════════════════════════════════════════════════════════════════╗
║                                              TABLE 3: STATISTICAL SUMMARY                                                      ║
╠════════════════════════════════╤═════════════════════════════════════╤═════════════════════════════════════════════════════════╣
║ Metric                         │     LOS (mean ± std)                │     NLOS (mean ± std)               │    ALL            ║
╠════════════════════════════════╪═════════════════════════════════════╪═════════════════════════════════════════════════════════╣
║ PL - NYU (SUM)                 │  100.8 ±   3.4 dB                    │  115.1 ±   7.2 dB                    │  108.0 ±   9.2 dB  ║
║ PL - USC (perDelayMax)         │  107.4 ±   3.3 dB                    │  120.4 ±   7.4 dB                    │  113.9 ±   8.7 dB  ║
║ Δ PL (NYU - USC)               │  -6.56 ±  0.54 dB                    │  -5.25 ±  0.88 dB                    │  -5.90 ±  0.98 dB  ║
╠════════════════════════════════╪═════════════════════════════════════╪═════════════════════════════════════════════════════════╣
║ DS - NYU (SUM)                 │   21.8 ±  20.1 ns                    │   26.8 ±  19.3 ns                    │   24.3 ±  19.5 ns  ║
║ DS - USC (perDelayMax)         │   23.6 ±  20.6 ns                    │   32.2 ±  22.7 ns                    │   27.9 ±  21.7 ns  ║
╠════════════════════════════════╪═════════════════════════════════════╪═════════════════════════════════════════════════════════╣
║ ASA - NYU 10dB                 │   11.9 ±   4.8 deg                   │   26.0 ±  21.7 deg                   │   19.0 ±  17.0 deg ║
║ ASA - NYU 15dB                 │   13.5 ±   7.2 deg                   │   28.0 ±  21.4 deg                   │   20.7 ±  17.3 deg ║
║ ASA - NYU 20dB                 │   15.0 ±   7.8 deg                   │   31.8 ±  20.2 deg                   │   23.4 ±  17.3 deg ║
║ ASA - USC (no threshold)       │   15.9 ±   7.0 deg                   │   32.0 ±  19.8 deg                   │   24.0 ±  16.7 deg ║
╠════════════════════════════════╪═════════════════════════════════════╪═════════════════════════════════════════════════════════╣
║ ASD - NYU 10dB                 │    9.9 ±   0.6 deg                   │   21.2 ±  10.9 deg                   │   15.6 ±   9.5 deg ║
║ ASD - NYU 15dB                 │   11.0 ±   1.9 deg                   │   22.1 ±  10.5 deg                   │   16.5 ±   9.3 deg ║
║ ASD - NYU 20dB                 │   11.2 ±   1.8 deg                   │   21.7 ±  10.3 deg                   │   16.4 ±   9.0 deg ║
║ ASD - USC (no threshold)       │   11.0 ±   1.7 deg                   │   21.4 ±  10.2 deg                   │   16.2 ±   8.9 deg ║
╚════════════════════════════════╧═════════════════════════════════════╧═════════════════════════════════════════════════════════╝

Generating figures...
Figures saved to: D:\unified-channel-analysis\matlab\processing\usc_145\Figures

Saving results...

═══════════════════════════════════════════════════════════════════════
  Results saved to: D:\unified-channel-analysis\matlab\processing\usc_145\Results
    - USC145GHz_Full_Results.csv (flat table)
    - USC145GHz_Full_Results.xlsx (5 sheets)
    - USC145GHz_Full_Results.mat (MATLAB format)
  Figures saved to: D:\unified-channel-analysis\matlab\processing\usc_145\Figures
═══════════════════════════════════════════════════════════════════════

Done!
[sweep]   ok (0.7 min) -> D:\unified-channel-analysis\figures\matlab\sweep\usc145_M09.csv
[sweep] USC142GHz_Method_Comparison_Full  <-  {"noise_margin_dB":12}
[sweep] USC145 config override: {"noise_margin_dB":12}
═══════════════════════════════════════════════════════════════════════
  USC 145GHz Data: Full Method Comparison (NYU vs USC)
═══════════════════════════════════════════════════════════════════════
  PDP Threshold: Global max noise + 12 dB [USC method, common]
  Omni Synthesis: NYU=SUM, USC=perDelayMax
  PAS Thresholds: 10 dB, 15 dB, 20 dB (NYU AS only)
  Correction Factor: -1.95 dB (elevation summing)
  TX Power: -2.0 dBm, Ant Gain: TX=21 dB, RX=21 dB
═══════════════════════════════════════════════════════════════════════

Antenna pattern loaded: 181 points
╔═══════════════════════════════════════════════════════════════════════╗
║    Processing USC 145GHz Data: PL, DS, and AS (NYU vs USC Methods)   ║
╚═══════════════════════════════════════════════════════════════════════╝

Processing LOS locations...
─────────────────────────────────────────────────────────────────────────
Processing [ 1/13] R01 (d=64.5 m) ... PL: 102.9/109.6 dB | DS: 52.3/57.8 ns | ASA: 26.9/30.2 deg
Processing [ 2/13] R02 (d=82.5 m) ... PL: 106.1/112.7 dB | DS: 32.4/33.7 ns | ASA: 9.7/17.7 deg
Processing [ 3/13] R03 (d=32.1 m) ... PL: 97.7/103.7 dB | DS: 15.0/15.7 ns | ASA: 10.3/10.4 deg
Processing [ 4/13] R04 (d=40.8 m) ... PL: 100.2/107.1 dB | DS: 30.0/32.7 ns | ASA: 9.8/13.9 deg
Processing [ 5/13] R05 (d=49.8 m) ... PL: 101.6/107.8 dB | DS: 20.5/22.2 ns | ASA: 9.8/12.0 deg
Processing [ 6/13] R06 (d=72.3 m) ... PL: 103.9/110.1 dB | DS: 68.1/68.6 ns | ASA: 15.4/29.0 deg
Processing [ 7/13] R07 (d=20.4 m) ... PL: 92.1/99.5 dB | DS: 2.9/4.5 ns | ASA: 10.3/13.2 deg
Processing [ 8/13] R08 (d=33.9 m) ... PL: 97.9/104.5 dB | DS: 11.4/13.1 ns | ASA: 9.8/10.4 deg
Processing [ 9/13] R09 (d=45.9 m) ... PL: 100.5/107.0 dB | DS: 9.4/11.8 ns | ASA: 10.1/10.8 deg
Processing [10/13] R10 (d=54.3 m) ... PL: 101.5/107.9 dB | DS: 24.5/25.9 ns | ASA: 9.8/22.2 deg
Processing [11/13] R11 (d=36.3 m) ... PL: 101.1/107.5 dB | DS: 5.6/6.4 ns | ASA: 9.9/11.5 deg
Processing [12/13] R12 (d=57.9 m) ... PL: 103.0/108.6 dB | DS: 3.4/4.0 ns | ASA: 10.5/11.6 deg
Processing [13/13] R13 (d=65.7 m) ... PL: 101.9/109.6 dB | DS: 2.7/4.3 ns | ASA: 11.9/12.1 deg

Processing NLOS locations...
─────────────────────────────────────────────────────────────────────────
Processing [ 1/13] R01 (d=46.0 m) ... PL: 118.5/122.5 dB | DS: 27.8/24.5 ns | ASA: 11.0/19.7 deg
Processing [ 2/13] R02 (d=73.0 m) ... PL: 122.5/128.2 dB | DS: 22.2/23.3 ns | ASA: 23.6/26.8 deg
Processing [ 3/13] R03 (d=83.0 m) ... PL: 124.1/129.0 dB | DS: 19.4/20.1 ns | ASA: 28.7/30.0 deg
Processing [ 4/13] R04 (d=40.7 m) ... PL: 116.1/122.8 dB | DS: 44.8/62.7 ns | ASA: 44.7/50.0 deg
Processing [ 5/13] R05 (d=53.4 m) ... PL: 117.2/121.6 dB | DS: 64.0/66.0 ns | ASA: 79.9/81.1 deg
Processing [ 6/13] R06 (d=62.6 m) ... PL: 121.5/126.5 dB | DS: 42.3/50.9 ns | ASA: 53.1/54.5 deg
Processing [ 7/13] R07 (d=35.0 m) ... PL: 104.8/109.4 dB | DS: 5.7/6.1 ns | ASA: 9.2/19.7 deg
Processing [ 8/13] R08 (d=45.5 m) ... PL: 101.2/106.2 dB | DS: 2.5/2.9 ns | ASA: 9.9/11.2 deg
Processing [ 9/13] R09 (d=58.5 m) ... PL: 115.2/121.7 dB | DS: 14.3/21.7 ns | ASA: 17.6/21.3 deg
Processing [10/13] R10 (d=65.7 m) ... PL: 120.2/125.1 dB | DS: 24.4/30.6 ns | ASA: 11.7/22.2 deg
Processing [11/13] R11 (d=18.3 m) ... PL: 112.7/118.9 dB | DS: 11.0/13.4 ns | ASA: 19.7/26.1 deg
Processing [12/13] R12 (d=20.8 m) ... PL: 105.2/109.4 dB | DS: 3.4/3.7 ns | ASA: 9.5/11.0 deg
Processing [13/13] R13 (d=30.0 m) ... PL: 119.8/124.2 dB | DS: 36.6/39.8 ns | ASA: 14.4/28.3 deg

Processing complete!

╔═══════════════════════════════════════════════════════════════════════════════════════════════════════╗
║                               TABLE 1: METHOD COMPARISON SUMMARY                                       ║
╠════════════════════════╤═══════════════════════════════════╤═══════════════════════════════════════════╣
║ Aspect                 │ NYU Method                        │ USC Method                                ║
╠════════════════════════╪═══════════════════════════════════╪═══════════════════════════════════════════╣
║ PDP Threshold          │ Global noise + 12dB               │ SAME (common)                             ║
║ Omni Synthesis (PL/DS) │ SUM across all directions         │ perDelayMax (max per delay)               ║
║ PAS Threshold (AS)     │ 10/15/20 dB below peak            │ NONE                                      ║
║ Lobe Expansion (AS)    │ Antenna pattern-based (HPBW=10°)  │ NONE                                      ║
║ AS Formula             │ 3GPP: sqrt(-2*ln(R))              │ SAME                                      ║
╚════════════════════════╧═══════════════════════════════════╧═══════════════════════════════════════════╝

╔════════════════════════════════════════════════════════════════════════════════════════════════════════════════════════════════════════════════════════════════════╗
║                                                            TABLE 2: PER-LOCATION RESULTS                                                                           ║
╠═════════╤══════╤═══════════════════╤═══════════════════╤═════════════════════════════════════════╤═════════════════════════════════════════════════════════════════╣
║  Loc    │ Env  │   Path Loss (dB)  │  Delay Spread(ns) │          ASA (degrees)                  │              ASD (degrees)                                      ║
║         │      │  NYU   │   USC    │  NYU   │   USC    │ NYU-10 │ NYU-15 │ NYU-20 │  USC  │ NYU-10 │ NYU-15 │ NYU-20 │  USC  ║
╠═════════╪══════╪════════╪══════════╪════════╪══════════╪════════╪════════╪════════╪═══════╪════════╪════════╪════════╪═══════╣
║ R01     │ LOS  │  102.9 │  109.6   │   52.3 │   57.8   │   26.9 │   24.8 │   31.3 │  30.2 │    9.8 │   10.9 │   12.4 │  12.2 ║
║ R02     │ LOS  │  106.1 │  112.7   │   32.4 │   33.7   │    9.7 │   11.0 │   18.6 │  17.7 │   10.4 │   11.9 │   12.1 │  12.3 ║
║ R03     │ LOS  │   97.7 │  103.7   │   15.0 │   15.7   │   10.3 │    9.5 │    9.4 │  10.4 │    9.4 │    9.6 │    9.4 │   9.9 ║
║ R04     │ LOS  │  100.2 │  107.1   │   30.0 │   32.7   │    9.8 │    9.6 │    9.6 │  13.9 │   10.3 │   10.1 │   11.1 │  11.3 ║
║ R05     │ LOS  │  101.6 │  107.8   │   20.5 │   22.2   │    9.8 │    9.5 │   11.1 │  12.0 │    9.8 │    9.5 │   11.0 │  10.8 ║
║ R06     │ LOS  │  103.9 │  110.1   │   68.1 │   68.6   │   15.4 │   32.5 │   28.8 │  29.0 │    9.5 │   14.8 │   14.7 │  14.3 ║
║ R07     │ LOS  │   92.1 │   99.5   │    2.9 │    4.5   │   10.3 │   10.4 │   10.4 │  13.2 │   10.2 │   10.4 │   10.4 │  10.1 ║
║ R08     │ LOS  │   97.9 │  104.5   │   11.4 │   13.1   │    9.8 │   10.0 │    9.8 │  10.4 │    9.9 │    9.8 │    9.7 │   9.3 ║
║ R09     │ LOS  │  100.5 │  107.0   │    9.4 │   11.8   │   10.1 │    9.6 │    9.4 │  10.8 │    9.6 │    9.6 │    9.5 │   9.2 ║
║ R10     │ LOS  │  101.5 │  107.9   │   24.5 │   25.9   │    9.8 │   17.6 │   22.3 │  22.2 │    9.5 │   14.7 │   13.9 │  13.3 ║
║ R11     │ LOS  │  101.1 │  107.5   │    5.6 │    6.4   │    9.9 │    9.7 │    9.8 │  11.5 │    9.6 │    9.6 │    9.6 │   9.6 ║
║ R12     │ LOS  │  103.0 │  108.6   │    3.4 │    4.0   │   10.5 │   10.2 │   10.9 │  11.6 │    9.5 │    9.5 │    9.5 │   9.3 ║
║ R13     │ LOS  │  101.9 │  109.6   │    2.7 │    4.3   │   11.9 │   11.0 │   11.1 │  12.1 │   11.7 │   11.5 │   11.1 │  11.0 ║
║ R01     │ NLOS │  118.5 │  122.5   │   27.8 │   24.5   │   11.0 │   14.6 │   20.5 │  19.7 │   47.1 │   45.9 │   45.5 │  45.2 ║
║ R02     │ NLOS │  122.5 │  128.2   │   22.2 │   23.3   │   23.6 │   24.1 │   24.5 │  26.8 │   31.6 │   32.1 │   31.6 │  31.3 ║
║ R03     │ NLOS │  124.1 │  129.0   │   19.4 │   20.1   │   28.7 │   27.7 │   30.7 │  30.0 │   28.6 │   28.2 │   27.4 │  26.9 ║
║ R04     │ NLOS │  116.1 │  122.8   │   44.8 │   62.7   │   44.7 │   50.1 │   50.3 │  50.0 │   11.5 │   16.9 │   16.1 │  15.6 ║
║ R05     │ NLOS │  117.2 │  121.6   │   64.0 │   66.0   │   79.9 │   80.3 │   81.1 │  81.1 │   23.5 │   23.5 │   22.9 │  22.4 ║
║ R06     │ NLOS │  121.5 │  126.5   │   42.3 │   50.9   │   53.1 │   54.5 │   54.7 │  54.5 │   19.3 │   22.3 │   21.6 │  21.0 ║
║ R07     │ NLOS │  104.8 │  109.4   │    5.7 │    6.1   │    9.2 │   12.3 │   19.6 │  19.7 │    9.8 │   10.0 │   10.9 │  10.7 ║
║ R08     │ NLOS │  101.2 │  106.2   │    2.5 │    2.9   │    9.9 │   10.0 │    9.7 │  11.2 │   10.3 │   10.0 │    9.5 │   9.7 ║
║ R09     │ NLOS │  115.2 │  121.7   │   14.3 │   21.7   │   17.6 │   17.7 │   22.3 │  21.3 │   26.9 │   26.4 │   26.7 │  26.3 ║
║ R10     │ NLOS │  120.2 │  125.1   │   24.4 │   30.6   │   11.7 │   13.3 │   22.7 │  22.2 │   12.6 │   14.2 │   14.5 │  14.0 ║
║ R11     │ NLOS │  112.7 │  118.9   │   11.0 │   13.4   │   19.7 │   23.2 │   25.9 │  26.1 │   18.2 │   17.1 │   16.8 │  17.0 ║
║ R12     │ NLOS │  105.2 │  109.4   │    3.4 │    3.7   │    9.5 │    8.8 │    9.4 │  11.0 │    9.4 │    9.2 │    9.1 │   9.2 ║
║ R13     │ NLOS │  119.8 │  124.2   │   36.6 │   39.8   │   14.4 │   23.2 │   26.9 │  28.3 │   27.6 │   29.4 │   28.6 │  28.2 ║
╚═════════╧══════╧════════╧══════════╧════════╧══════════╧════════╧════════╧════════╧═══════╧════════╧════════╧════════╧═══════╝

╔═══════════════════════════════════════════════════════════════════════════════════════════════════════════════════════════════╗
║                                              TABLE 3: STATISTICAL SUMMARY                                                      ║
╠════════════════════════════════╤═════════════════════════════════════╤═════════════════════════════════════════════════════════╣
║ Metric                         │     LOS (mean ± std)                │     NLOS (mean ± std)               │    ALL            ║
╠════════════════════════════════╪═════════════════════════════════════╪═════════════════════════════════════════════════════════╣
║ PL - NYU (SUM)                 │  100.8 ±   3.4 dB                    │  115.3 ±   7.3 dB                    │  108.1 ±   9.3 dB  ║
║ PL - USC (perDelayMax)         │  107.4 ±   3.3 dB                    │  120.4 ±   7.5 dB                    │  113.9 ±   8.7 dB  ║
║ Δ PL (NYU - USC)               │  -6.55 ±  0.54 dB                    │  -5.12 ±  0.88 dB                    │  -5.84 ±  1.02 dB  ║
╠════════════════════════════════╪═════════════════════════════════════╪═════════════════════════════════════════════════════════╣
║ DS - NYU (SUM)                 │   21.4 ±  20.2 ns                    │   24.5 ±  18.4 ns                    │   22.9 ±  19.0 ns  ║
║ DS - USC (perDelayMax)         │   23.1 ±  20.6 ns                    │   28.1 ±  21.2 ns                    │   25.6 ±  20.6 ns  ║
╠════════════════════════════════╪═════════════════════════════════════╪═════════════════════════════════════════════════════════╣
║ ASA - NYU 10dB                 │   11.9 ±   4.8 deg                   │   25.6 ±  21.4 deg                   │   18.7 ±  16.7 deg ║
║ ASA - NYU 15dB                 │   13.5 ±   7.2 deg                   │   27.7 ±  21.2 deg                   │   20.6 ±  17.1 deg ║
║ ASA - NYU 20dB                 │   14.8 ±   7.8 deg                   │   30.6 ±  20.1 deg                   │   22.7 ±  17.0 deg ║
║ ASA - USC (no threshold)       │   15.8 ±   7.0 deg                   │   30.9 ±  19.8 deg                   │   23.3 ±  16.5 deg ║
╠════════════════════════════════╪═════════════════════════════════════╪═════════════════════════════════════════════════════════╣
║ ASD - NYU 10dB                 │    9.9 ±   0.6 deg                   │   21.3 ±  11.1 deg                   │   15.6 ±   9.6 deg ║
║ ASD - NYU 15dB                 │   10.9 ±   1.9 deg                   │   21.9 ±  10.6 deg                   │   16.4 ±   9.4 deg ║
║ ASD - NYU 20dB                 │   11.1 ±   1.7 deg                   │   21.6 ±  10.4 deg                   │   16.4 ±   9.1 deg ║
║ ASD - USC (no threshold)       │   11.0 ±   1.6 deg                   │   21.3 ±  10.3 deg                   │   16.2 ±   9.0 deg ║
╚════════════════════════════════╧═════════════════════════════════════╧═════════════════════════════════════════════════════════╝

Generating figures...
Figures saved to: D:\unified-channel-analysis\matlab\processing\usc_145\Figures

Saving results...

═══════════════════════════════════════════════════════════════════════
  Results saved to: D:\unified-channel-analysis\matlab\processing\usc_145\Results
    - USC145GHz_Full_Results.csv (flat table)
    - USC145GHz_Full_Results.xlsx (5 sheets)
    - USC145GHz_Full_Results.mat (MATLAB format)
  Figures saved to: D:\unified-channel-analysis\matlab\processing\usc_145\Figures
═══════════════════════════════════════════════════════════════════════

Done!
[sweep]   ok (0.7 min) -> D:\unified-channel-analysis\figures\matlab\sweep\usc145_M12.csv
[sweep] USC142GHz_Method_Comparison_Full  <-  {"noise_margin_dB":15}
[sweep] USC145 config override: {"noise_margin_dB":15}
═══════════════════════════════════════════════════════════════════════
  USC 145GHz Data: Full Method Comparison (NYU vs USC)
═══════════════════════════════════════════════════════════════════════
  PDP Threshold: Global max noise + 15 dB [USC method, common]
  Omni Synthesis: NYU=SUM, USC=perDelayMax
  PAS Thresholds: 10 dB, 15 dB, 20 dB (NYU AS only)
  Correction Factor: -1.95 dB (elevation summing)
  TX Power: -2.0 dBm, Ant Gain: TX=21 dB, RX=21 dB
═══════════════════════════════════════════════════════════════════════

Antenna pattern loaded: 181 points
╔═══════════════════════════════════════════════════════════════════════╗
║    Processing USC 145GHz Data: PL, DS, and AS (NYU vs USC Methods)   ║
╚═══════════════════════════════════════════════════════════════════════╝

Processing LOS locations...
─────────────────────────────────────────────────────────────────────────
Processing [ 1/13] R01 (d=64.5 m) ... PL: 102.9/109.6 dB | DS: 51.9/57.6 ns | ASA: 27.0/29.9 deg
Processing [ 2/13] R02 (d=82.5 m) ... PL: 106.1/112.7 dB | DS: 31.7/33.4 ns | ASA: 9.7/17.3 deg
Processing [ 3/13] R03 (d=32.1 m) ... PL: 97.7/103.7 dB | DS: 14.5/15.3 ns | ASA: 10.3/10.3 deg
Processing [ 4/13] R04 (d=40.8 m) ... PL: 100.2/107.1 dB | DS: 29.2/32.1 ns | ASA: 9.8/13.6 deg
Processing [ 5/13] R05 (d=49.8 m) ... PL: 101.6/107.8 dB | DS: 19.7/21.5 ns | ASA: 9.8/11.7 deg
Processing [ 6/13] R06 (d=72.3 m) ... PL: 103.9/110.1 dB | DS: 67.9/68.5 ns | ASA: 15.4/28.8 deg
Processing [ 7/13] R07 (d=20.4 m) ... PL: 92.1/99.5 dB | DS: 2.8/4.1 ns | ASA: 10.3/13.2 deg
Processing [ 8/13] R08 (d=33.9 m) ... PL: 97.9/104.5 dB | DS: 11.3/13.1 ns | ASA: 9.8/10.4 deg
Processing [ 9/13] R09 (d=45.9 m) ... PL: 100.5/107.0 dB | DS: 9.3/11.7 ns | ASA: 10.1/10.7 deg
Processing [10/13] R10 (d=54.3 m) ... PL: 101.5/107.9 dB | DS: 24.3/25.8 ns | ASA: 9.8/22.1 deg
Processing [11/13] R11 (d=36.3 m) ... PL: 101.1/107.5 dB | DS: 5.1/5.8 ns | ASA: 9.9/11.3 deg
Processing [12/13] R12 (d=57.9 m) ... PL: 103.0/108.6 dB | DS: 2.7/3.1 ns | ASA: 10.5/11.3 deg
Processing [13/13] R13 (d=65.7 m) ... PL: 101.9/109.6 dB | DS: 2.2/3.5 ns | ASA: 11.9/12.0 deg

Processing NLOS locations...
─────────────────────────────────────────────────────────────────────────
Processing [ 1/13] R01 (d=46.0 m) ... PL: 118.7/122.6 dB | DS: 26.1/23.5 ns | ASA: 10.9/18.0 deg
Processing [ 2/13] R02 (d=73.0 m) ... PL: 123.0/128.3 dB | DS: 21.5/22.3 ns | ASA: 23.3/24.9 deg
Processing [ 3/13] R03 (d=83.0 m) ... PL: 124.5/129.1 dB | DS: 18.4/19.2 ns | ASA: 28.8/28.7 deg
Processing [ 4/13] R04 (d=40.7 m) ... PL: 116.3/122.9 dB | DS: 41.1/59.4 ns | ASA: 44.7/49.3 deg
Processing [ 5/13] R05 (d=53.4 m) ... PL: 117.4/121.7 dB | DS: 62.4/62.7 ns | ASA: 75.9/80.1 deg
Processing [ 6/13] R06 (d=62.6 m) ... PL: 122.3/126.7 dB | DS: 40.0/46.9 ns | ASA: 54.0/53.7 deg
Processing [ 7/13] R07 (d=35.0 m) ... PL: 104.9/109.4 dB | DS: 4.9/5.5 ns | ASA: 9.2/19.1 deg
Processing [ 8/13] R08 (d=45.5 m) ... PL: 101.2/106.2 dB | DS: 2.1/2.6 ns | ASA: 9.9/10.8 deg
Processing [ 9/13] R09 (d=58.5 m) ... PL: 115.3/121.7 dB | DS: 12.6/19.1 ns | ASA: 17.4/20.6 deg
Processing [10/13] R10 (d=65.7 m) ... PL: 120.4/125.2 dB | DS: 21.4/28.7 ns | ASA: 11.4/20.1 deg
Processing [11/13] R11 (d=18.3 m) ... PL: 112.8/118.9 dB | DS: 10.0/12.8 ns | ASA: 19.6/25.3 deg
Processing [12/13] R12 (d=20.8 m) ... PL: 105.2/109.4 dB | DS: 3.0/3.4 ns | ASA: 9.5/10.6 deg
Processing [13/13] R13 (d=30.0 m) ... PL: 120.1/124.2 dB | DS: 33.6/37.8 ns | ASA: 14.6/26.2 deg

Processing complete!

╔═══════════════════════════════════════════════════════════════════════════════════════════════════════╗
║                               TABLE 1: METHOD COMPARISON SUMMARY                                       ║
╠════════════════════════╤═══════════════════════════════════╤═══════════════════════════════════════════╣
║ Aspect                 │ NYU Method                        │ USC Method                                ║
╠════════════════════════╪═══════════════════════════════════╪═══════════════════════════════════════════╣
║ PDP Threshold          │ Global noise + 12dB               │ SAME (common)                             ║
║ Omni Synthesis (PL/DS) │ SUM across all directions         │ perDelayMax (max per delay)               ║
║ PAS Threshold (AS)     │ 10/15/20 dB below peak            │ NONE                                      ║
║ Lobe Expansion (AS)    │ Antenna pattern-based (HPBW=10°)  │ NONE                                      ║
║ AS Formula             │ 3GPP: sqrt(-2*ln(R))              │ SAME                                      ║
╚════════════════════════╧═══════════════════════════════════╧═══════════════════════════════════════════╝

╔════════════════════════════════════════════════════════════════════════════════════════════════════════════════════════════════════════════════════════════════════╗
║                                                            TABLE 2: PER-LOCATION RESULTS                                                                           ║
╠═════════╤══════╤═══════════════════╤═══════════════════╤═════════════════════════════════════════╤═════════════════════════════════════════════════════════════════╣
║  Loc    │ Env  │   Path Loss (dB)  │  Delay Spread(ns) │          ASA (degrees)                  │              ASD (degrees)                                      ║
║         │      │  NYU   │   USC    │  NYU   │   USC    │ NYU-10 │ NYU-15 │ NYU-20 │  USC  │ NYU-10 │ NYU-15 │ NYU-20 │  USC  ║
╠═════════╪══════╪════════╪══════════╪════════╪══════════╪════════╪════════╪════════╪═══════╪════════╪════════╪════════╪═══════╣
║ R01     │ LOS  │  102.9 │  109.6   │   51.9 │   57.6   │   27.0 │   24.8 │   31.2 │  29.9 │    9.8 │   10.8 │   12.2 │  12.0 ║
║ R02     │ LOS  │  106.1 │  112.7   │   31.7 │   33.4   │    9.7 │   11.0 │   18.5 │  17.3 │   10.4 │   11.5 │   12.0 │  12.1 ║
║ R03     │ LOS  │   97.7 │  103.7   │   14.5 │   15.3   │   10.3 │    9.6 │    9.4 │  10.3 │    9.4 │    9.5 │    9.4 │   9.9 ║
║ R04     │ LOS  │  100.2 │  107.1   │   29.2 │   32.1   │    9.8 │    9.6 │    9.5 │  13.6 │   10.3 │   10.1 │   11.1 │  11.3 ║
║ R05     │ LOS  │  101.6 │  107.8   │   19.7 │   21.5   │    9.8 │    9.5 │    9.4 │  11.7 │    9.8 │    9.5 │   11.0 │  10.7 ║
║ R06     │ LOS  │  103.9 │  110.1   │   67.9 │   68.5   │   15.4 │   32.5 │   28.7 │  28.8 │    9.5 │   14.7 │   14.7 │  14.2 ║
║ R07     │ LOS  │   92.1 │   99.5   │    2.8 │    4.1   │   10.3 │   10.4 │   10.4 │  13.2 │   10.2 │   10.4 │   10.4 │  10.1 ║
║ R08     │ LOS  │   97.9 │  104.5   │   11.3 │   13.1   │    9.8 │   10.0 │    9.8 │  10.4 │    9.9 │    9.7 │    9.7 │   9.3 ║
║ R09     │ LOS  │  100.5 │  107.0   │    9.3 │   11.7   │   10.1 │    9.6 │    9.4 │  10.7 │    9.6 │    9.6 │    9.5 │   9.2 ║
║ R10     │ LOS  │  101.5 │  107.9   │   24.3 │   25.8   │    9.8 │   17.6 │   22.3 │  22.1 │    9.5 │   14.7 │   13.9 │  13.3 ║
║ R11     │ LOS  │  101.1 │  107.5   │    5.1 │    5.8   │    9.9 │    9.7 │    9.8 │  11.3 │    9.6 │    9.6 │    9.5 │   9.5 ║
║ R12     │ LOS  │  103.0 │  108.6   │    2.7 │    3.1   │   10.5 │   10.2 │   10.9 │  11.3 │    9.5 │    9.5 │    9.5 │   9.3 ║
║ R13     │ LOS  │  101.9 │  109.6   │    2.2 │    3.5   │   11.9 │   11.0 │   11.1 │  12.0 │   11.7 │   11.5 │   11.1 │  11.0 ║
║ R01     │ NLOS │  118.7 │  122.6   │   26.1 │   23.5   │   10.9 │   14.4 │   17.5 │  18.0 │   47.3 │   46.4 │   46.0 │  45.7 ║
║ R02     │ NLOS │  123.0 │  128.3   │   21.5 │   22.3   │   23.3 │   23.9 │   23.1 │  24.9 │   31.9 │   32.4 │   31.8 │  31.5 ║
║ R03     │ NLOS │  124.5 │  129.1   │   18.4 │   19.2   │   28.8 │   27.8 │   27.7 │  28.7 │   28.6 │   27.9 │   27.1 │  26.5 ║
║ R04     │ NLOS │  116.3 │  122.9   │   41.1 │   59.4   │   44.7 │   49.1 │   49.8 │  49.3 │   11.2 │   16.8 │   15.9 │  15.4 ║
║ R05     │ NLOS │  117.4 │  121.7   │   62.4 │   62.7   │   75.9 │   77.9 │   80.1 │  80.1 │   23.7 │   23.6 │   22.9 │  22.4 ║
║ R06     │ NLOS │  122.3 │  126.7   │   40.0 │   46.9   │   54.0 │   54.1 │   53.9 │  53.7 │   19.1 │   22.4 │   21.5 │  21.0 ║
║ R07     │ NLOS │  104.9 │  109.4   │    4.9 │    5.5   │    9.2 │   12.3 │   19.4 │  19.1 │    9.6 │    9.5 │   10.4 │  10.5 ║
║ R08     │ NLOS │  101.2 │  106.2   │    2.1 │    2.6   │    9.9 │   10.1 │    9.7 │  10.8 │   10.3 │   10.0 │    9.5 │   9.6 ║
║ R09     │ NLOS │  115.3 │  121.7   │   12.6 │   19.1   │   17.4 │   17.6 │   21.1 │  20.6 │   26.9 │   26.5 │   26.8 │  26.3 ║
║ R10     │ NLOS │  120.4 │  125.2   │   21.4 │   28.7   │   11.4 │   11.8 │   19.2 │  20.1 │   12.2 │   13.7 │   14.2 │  13.6 ║
║ R11     │ NLOS │  112.8 │  118.9   │   10.0 │   12.8   │   19.6 │   23.0 │   25.4 │  25.3 │   18.2 │   17.1 │   16.7 │  16.9 ║
║ R12     │ NLOS │  105.2 │  109.4   │    3.0 │    3.4   │    9.5 │    8.8 │    9.3 │  10.6 │    9.4 │    9.2 │    9.0 │   9.1 ║
║ R13     │ NLOS │  120.1 │  124.2   │   33.6 │   37.8   │   14.6 │   22.6 │   21.7 │  26.2 │   27.2 │   28.8 │   27.9 │  27.4 ║
╚═════════╧══════╧════════╧══════════╧════════╧══════════╧════════╧════════╧════════╧═══════╧════════╧════════╧════════╧═══════╝

╔═══════════════════════════════════════════════════════════════════════════════════════════════════════════════════════════════╗
║                                              TABLE 3: STATISTICAL SUMMARY                                                      ║
╠════════════════════════════════╤═════════════════════════════════════╤═════════════════════════════════════════════════════════╣
║ Metric                         │     LOS (mean ± std)                │     NLOS (mean ± std)               │    ALL            ║
╠════════════════════════════════╪═════════════════════════════════════╪═════════════════════════════════════════════════════════╣
║ PL - NYU (SUM)                 │  100.8 ±   3.5 dB                    │  115.5 ±   7.5 dB                    │  108.2 ±   9.4 dB  ║
║ PL - USC (perDelayMax)         │  107.4 ±   3.3 dB                    │  120.5 ±   7.5 dB                    │  113.9 ±   8.8 dB  ║
║ Δ PL (NYU - USC)               │  -6.55 ±  0.54 dB                    │  -4.96 ±  0.90 dB                    │  -5.75 ±  1.09 dB  ║
╠════════════════════════════════╪═════════════════════════════════════╪═════════════════════════════════════════════════════════╣
║ DS - NYU (SUM)                 │   21.0 ±  20.2 ns                    │   22.9 ±  17.7 ns                    │   21.9 ±  18.6 ns  ║
║ DS - USC (perDelayMax)         │   22.7 ±  20.8 ns                    │   26.5 ±  20.0 ns                    │   24.6 ±  20.1 ns  ║
╠════════════════════════════════╪═════════════════════════════════════╪═════════════════════════════════════════════════════════╣
║ ASA - NYU 10dB                 │   11.9 ±   4.8 deg                   │   25.3 ±  20.7 deg                   │   18.6 ±  16.2 deg ║
║ ASA - NYU 15dB                 │   13.5 ±   7.2 deg                   │   27.2 ±  20.8 deg                   │   20.3 ±  16.8 deg ║
║ ASA - NYU 20dB                 │   14.6 ±   7.9 deg                   │   29.1 ±  20.2 deg                   │   21.9 ±  16.7 deg ║
║ ASA - USC (no threshold)       │   15.6 ±   7.0 deg                   │   29.8 ±  19.8 deg                   │   22.7 ±  16.2 deg ║
╠════════════════════════════════╪═════════════════════════════════════╪═════════════════════════════════════════════════════════╣
║ ASD - NYU 10dB                 │    9.9 ±   0.6 deg                   │   21.2 ±  11.2 deg                   │   15.6 ±   9.7 deg ║
║ ASD - NYU 15dB                 │   10.9 ±   1.9 deg                   │   21.9 ±  10.8 deg                   │   16.4 ±   9.4 deg ║
║ ASD - NYU 20dB                 │   11.1 ±   1.7 deg                   │   21.5 ±  10.6 deg                   │   16.3 ±   9.1 deg ║
║ ASD - USC (no threshold)       │   10.9 ±   1.6 deg                   │   21.2 ±  10.4 deg                   │   16.1 ±   9.0 deg ║
╚════════════════════════════════╧═════════════════════════════════════╧═════════════════════════════════════════════════════════╝

Generating figures...
Figures saved to: D:\unified-channel-analysis\matlab\processing\usc_145\Figures

Saving results...

═══════════════════════════════════════════════════════════════════════
  Results saved to: D:\unified-channel-analysis\matlab\processing\usc_145\Results
    - USC145GHz_Full_Results.csv (flat table)
    - USC145GHz_Full_Results.xlsx (5 sheets)
    - USC145GHz_Full_Results.mat (MATLAB format)
  Figures saved to: D:\unified-channel-analysis\matlab\processing\usc_145\Figures
═══════════════════════════════════════════════════════════════════════

Done!
[sweep]   ok (0.7 min) -> D:\unified-channel-analysis\figures\matlab\sweep\usc145_M15.csv
[sweep] USC142GHz_Method_Comparison_Full  <-  {"noise_margin_dB":18}
[sweep] USC145 config override: {"noise_margin_dB":18}
═══════════════════════════════════════════════════════════════════════
  USC 145GHz Data: Full Method Comparison (NYU vs USC)
═══════════════════════════════════════════════════════════════════════
  PDP Threshold: Global max noise + 18 dB [USC method, common]
  Omni Synthesis: NYU=SUM, USC=perDelayMax
  PAS Thresholds: 10 dB, 15 dB, 20 dB (NYU AS only)
  Correction Factor: -1.95 dB (elevation summing)
  TX Power: -2.0 dBm, Ant Gain: TX=21 dB, RX=21 dB
═══════════════════════════════════════════════════════════════════════

Antenna pattern loaded: 181 points
╔═══════════════════════════════════════════════════════════════════════╗
║    Processing USC 145GHz Data: PL, DS, and AS (NYU vs USC Methods)   ║
╚═══════════════════════════════════════════════════════════════════════╝

Processing LOS locations...
─────────────────────────────────────────────────────────────────────────
Processing [ 1/13] R01 (d=64.5 m) ... PL: 102.9/109.6 dB | DS: 51.4/57.3 ns | ASA: 27.0/29.7 deg
Processing [ 2/13] R02 (d=82.5 m) ... PL: 106.1/112.7 dB | DS: 30.7/32.9 ns | ASA: 9.7/16.8 deg
Processing [ 3/13] R03 (d=32.1 m) ... PL: 97.7/103.8 dB | DS: 13.9/14.8 ns | ASA: 10.3/10.1 deg
Processing [ 4/13] R04 (d=40.8 m) ... PL: 100.2/107.1 dB | DS: 28.1/31.5 ns | ASA: 9.8/13.2 deg
Processing [ 5/13] R05 (d=49.8 m) ... PL: 101.6/107.8 dB | DS: 18.6/20.6 ns | ASA: 9.8/11.3 deg
Processing [ 6/13] R06 (d=72.3 m) ... PL: 103.9/110.1 dB | DS: 67.6/68.3 ns | ASA: 15.4/28.6 deg
Processing [ 7/13] R07 (d=20.4 m) ... PL: 92.1/99.5 dB | DS: 2.5/3.7 ns | ASA: 10.3/13.2 deg
Processing [ 8/13] R08 (d=33.9 m) ... PL: 97.9/104.5 dB | DS: 11.1/13.0 ns | ASA: 9.8/10.4 deg
Processing [ 9/13] R09 (d=45.9 m) ... PL: 100.5/107.0 dB | DS: 9.1/11.6 ns | ASA: 10.1/10.7 deg
Processing [10/13] R10 (d=54.3 m) ... PL: 101.5/107.9 dB | DS: 24.1/25.6 ns | ASA: 9.8/21.9 deg
Processing [11/13] R11 (d=36.3 m) ... PL: 101.2/107.5 dB | DS: 4.6/5.2 ns | ASA: 9.9/11.0 deg
Processing [12/13] R12 (d=57.9 m) ... PL: 103.0/108.6 dB | DS: 2.2/2.7 ns | ASA: 10.5/11.0 deg
Processing [13/13] R13 (d=65.7 m) ... PL: 101.9/109.6 dB | DS: 1.9/2.8 ns | ASA: 11.9/11.9 deg

Processing NLOS locations...
─────────────────────────────────────────────────────────────────────────
Processing [ 1/13] R01 (d=46.0 m) ... PL: 118.9/122.7 dB | DS: 24.2/22.7 ns | ASA: 10.8/16.2 deg
Processing [ 2/13] R02 (d=73.0 m) ... PL: 123.6/128.5 dB | DS: 20.7/22.0 ns | ASA: 11.2/22.9 deg
Processing [ 3/13] R03 (d=83.0 m) ... PL: 125.1/129.2 dB | DS: 17.1/17.9 ns | ASA: 29.0/28.0 deg
Processing [ 4/13] R04 (d=40.7 m) ... PL: 116.6/122.9 dB | DS: 37.1/55.3 ns | ASA: 44.2/48.2 deg
Processing [ 5/13] R05 (d=53.4 m) ... PL: 117.6/121.8 dB | DS: 61.5/60.4 ns | ASA: 75.2/78.4 deg
Processing [ 6/13] R06 (d=62.6 m) ... PL: 123.2/127.1 dB | DS: 38.7/44.3 ns | ASA: 55.4/53.6 deg
Processing [ 7/13] R07 (d=35.0 m) ... PL: 104.9/109.5 dB | DS: 4.2/4.9 ns | ASA: 9.2/18.4 deg
Processing [ 8/13] R08 (d=45.5 m) ... PL: 101.3/106.2 dB | DS: 1.7/2.1 ns | ASA: 9.9/10.3 deg
Processing [ 9/13] R09 (d=58.5 m) ... PL: 115.4/121.8 dB | DS: 10.4/16.7 ns | ASA: 17.4/19.8 deg
Processing [10/13] R10 (d=65.7 m) ... PL: 120.6/125.2 dB | DS: 17.3/26.0 ns | ASA: 11.0/17.5 deg
Processing [11/13] R11 (d=18.3 m) ... PL: 112.8/118.9 dB | DS: 8.8/12.1 ns | ASA: 17.2/24.4 deg
Processing [12/13] R12 (d=20.8 m) ... PL: 105.2/109.4 dB | DS: 2.6/3.0 ns | ASA: 9.6/10.1 deg
Processing [13/13] R13 (d=30.0 m) ... PL: 120.4/124.3 dB | DS: 30.1/35.2 ns | ASA: 14.6/23.4 deg

Processing complete!

╔═══════════════════════════════════════════════════════════════════════════════════════════════════════╗
║                               TABLE 1: METHOD COMPARISON SUMMARY                                       ║
╠════════════════════════╤═══════════════════════════════════╤═══════════════════════════════════════════╣
║ Aspect                 │ NYU Method                        │ USC Method                                ║
╠════════════════════════╪═══════════════════════════════════╪═══════════════════════════════════════════╣
║ PDP Threshold          │ Global noise + 12dB               │ SAME (common)                             ║
║ Omni Synthesis (PL/DS) │ SUM across all directions         │ perDelayMax (max per delay)               ║
║ PAS Threshold (AS)     │ 10/15/20 dB below peak            │ NONE                                      ║
║ Lobe Expansion (AS)    │ Antenna pattern-based (HPBW=10°)  │ NONE                                      ║
║ AS Formula             │ 3GPP: sqrt(-2*ln(R))              │ SAME                                      ║
╚════════════════════════╧═══════════════════════════════════╧═══════════════════════════════════════════╝

╔════════════════════════════════════════════════════════════════════════════════════════════════════════════════════════════════════════════════════════════════════╗
║                                                            TABLE 2: PER-LOCATION RESULTS                                                                           ║
╠═════════╤══════╤═══════════════════╤═══════════════════╤═════════════════════════════════════════╤═════════════════════════════════════════════════════════════════╣
║  Loc    │ Env  │   Path Loss (dB)  │  Delay Spread(ns) │          ASA (degrees)                  │              ASD (degrees)                                      ║
║         │      │  NYU   │   USC    │  NYU   │   USC    │ NYU-10 │ NYU-15 │ NYU-20 │  USC  │ NYU-10 │ NYU-15 │ NYU-20 │  USC  ║
╠═════════╪══════╪════════╪══════════╪════════╪══════════╪════════╪════════╪════════╪═══════╪════════╪════════╪════════╪═══════╣
║ R01     │ LOS  │  102.9 │  109.6   │   51.4 │   57.3   │   27.0 │   24.8 │   31.1 │  29.7 │    9.9 │   10.7 │   12.1 │  11.8 ║
║ R02     │ LOS  │  106.1 │  112.7   │   30.7 │   32.9   │    9.7 │   10.8 │   18.3 │  16.8 │   10.4 │   11.4 │   11.9 │  11.7 ║
║ R03     │ LOS  │   97.7 │  103.8   │   13.9 │   14.8   │   10.3 │    9.6 │    9.3 │  10.1 │    9.4 │    9.5 │    9.4 │   9.8 ║
║ R04     │ LOS  │  100.2 │  107.1   │   28.1 │   31.5   │    9.8 │    9.6 │    9.5 │  13.2 │   10.3 │   10.1 │   11.0 │  11.2 ║
║ R05     │ LOS  │  101.6 │  107.8   │   18.6 │   20.6   │    9.8 │    9.5 │    9.4 │  11.3 │    9.8 │    9.4 │   10.9 │  10.6 ║
║ R06     │ LOS  │  103.9 │  110.1   │   67.6 │   68.3   │   15.4 │   32.4 │   28.7 │  28.6 │    9.5 │   14.7 │   14.6 │  14.1 ║
║ R07     │ LOS  │   92.1 │   99.5   │    2.5 │    3.7   │   10.3 │   10.4 │   10.4 │  13.2 │   10.2 │   10.4 │   10.4 │  10.1 ║
║ R08     │ LOS  │   97.9 │  104.5   │   11.1 │   13.0   │    9.8 │   10.0 │    9.8 │  10.4 │    9.9 │    9.7 │    9.7 │   9.2 ║
║ R09     │ LOS  │  100.5 │  107.0   │    9.1 │   11.6   │   10.1 │    9.6 │    9.4 │  10.7 │    9.6 │    9.6 │    9.5 │   9.2 ║
║ R10     │ LOS  │  101.5 │  107.9   │   24.1 │   25.6   │    9.8 │   17.6 │   22.2 │  21.9 │    9.5 │   14.6 │   13.9 │  13.2 ║
║ R11     │ LOS  │  101.2 │  107.5   │    4.6 │    5.2   │    9.9 │    9.7 │    9.8 │  11.0 │    9.6 │    9.6 │    9.5 │   9.5 ║
║ R12     │ LOS  │  103.0 │  108.6   │    2.2 │    2.7   │   10.5 │   10.1 │   10.8 │  11.0 │    9.5 │    9.6 │    9.5 │   9.2 ║
║ R13     │ LOS  │  101.9 │  109.6   │    1.9 │    2.8   │   11.9 │   11.0 │   11.1 │  11.9 │   11.7 │   11.5 │   11.1 │  11.0 ║
║ R01     │ NLOS │  118.9 │  122.7   │   24.2 │   22.7   │   10.8 │   13.9 │   16.8 │  16.2 │   47.6 │   46.7 │   46.6 │  46.3 ║
║ R02     │ NLOS │  123.6 │  128.5   │   20.7 │   22.0   │   11.2 │   23.1 │   22.0 │  22.9 │   32.3 │   32.7 │   32.1 │  31.7 ║
║ R03     │ NLOS │  125.1 │  129.2   │   17.1 │   17.9   │   29.0 │   27.9 │   27.6 │  28.0 │   28.9 │   27.3 │   26.6 │  25.9 ║
║ R04     │ NLOS │  116.6 │  122.9   │   37.1 │   55.3   │   44.2 │   46.0 │   48.9 │  48.2 │   11.0 │   15.4 │   15.7 │  15.1 ║
║ R05     │ NLOS │  117.6 │  121.8   │   61.5 │   60.4   │   75.2 │   77.7 │   78.4 │  78.4 │   23.9 │   23.8 │   23.0 │  22.5 ║
║ R06     │ NLOS │  123.2 │  127.1   │   38.7 │   44.3   │   55.4 │   54.2 │   53.7 │  53.6 │   26.2 │   22.4 │   21.5 │  20.9 ║
║ R07     │ NLOS │  104.9 │  109.5   │    4.2 │    4.9   │    9.2 │   12.2 │   18.7 │  18.4 │    9.7 │    9.4 │   10.2 │  10.2 ║
║ R08     │ NLOS │  101.3 │  106.2   │    1.7 │    2.1   │    9.9 │   10.0 │    9.7 │  10.3 │   10.3 │   10.0 │    9.5 │   9.5 ║
║ R09     │ NLOS │  115.4 │  121.8   │   10.4 │   16.7   │   17.4 │   17.5 │   20.7 │  19.8 │   27.0 │   26.5 │   26.9 │  26.4 ║
║ R10     │ NLOS │  120.6 │  125.2   │   17.3 │   26.0   │   11.0 │   11.4 │   11.5 │  17.5 │   12.2 │   13.3 │   13.7 │  13.0 ║
║ R11     │ NLOS │  112.8 │  118.9   │    8.8 │   12.1   │   17.2 │   23.7 │   23.5 │  24.4 │   18.2 │   17.0 │   16.7 │  16.7 ║
║ R12     │ NLOS │  105.2 │  109.4   │    2.6 │    3.0   │    9.6 │    8.8 │    9.3 │  10.1 │    9.4 │    9.1 │    9.0 │   9.0 ║
║ R13     │ NLOS │  120.4 │  124.3   │   30.1 │   35.2   │   14.6 │   22.2 │   20.5 │  23.4 │   26.6 │   27.8 │   26.9 │  26.4 ║
╚═════════╧══════╧════════╧══════════╧════════╧══════════╧════════╧════════╧════════╧═══════╧════════╧════════╧════════╧═══════╝

╔═══════════════════════════════════════════════════════════════════════════════════════════════════════════════════════════════╗
║                                              TABLE 3: STATISTICAL SUMMARY                                                      ║
╠════════════════════════════════╤═════════════════════════════════════╤═════════════════════════════════════════════════════════╣
║ Metric                         │     LOS (mean ± std)                │     NLOS (mean ± std)               │    ALL            ║
╠════════════════════════════════╪═════════════════════════════════════╪═════════════════════════════════════════════════════════╣
║ PL - NYU (SUM)                 │  100.8 ±   3.5 dB                    │  115.8 ±   7.7 dB                    │  108.3 ±   9.6 dB  ║
║ PL - USC (perDelayMax)         │  107.4 ±   3.3 dB                    │  120.6 ±   7.6 dB                    │  114.0 ±   8.8 dB  ║
║ Δ PL (NYU - USC)               │  -6.54 ±  0.55 dB                    │  -4.75 ±  0.94 dB                    │  -5.64 ±  1.18 dB  ║
╠════════════════════════════════╪═════════════════════════════════════╪═════════════════════════════════════════════════════════╣
║ DS - NYU (SUM)                 │   20.4 ±  20.2 ns                    │   21.1 ±  17.3 ns                    │   20.8 ±  18.4 ns  ║
║ DS - USC (perDelayMax)         │   22.3 ±  20.9 ns                    │   24.8 ±  19.1 ns                    │   23.6 ±  19.6 ns  ║
╠════════════════════════════════╪═════════════════════════════════════╪═════════════════════════════════════════════════════════╣
║ ASA - NYU 10dB                 │   11.9 ±   4.8 deg                   │   24.2 ±  21.1 deg                   │   18.0 ±  16.3 deg ║
║ ASA - NYU 15dB                 │   13.5 ±   7.2 deg                   │   26.8 ±  20.5 deg                   │   20.1 ±  16.5 deg ║
║ ASA - NYU 20dB                 │   14.6 ±   7.9 deg                   │   27.8 ±  20.4 deg                   │   21.2 ±  16.6 deg ║
║ ASA - USC (no threshold)       │   15.4 ±   6.9 deg                   │   28.5 ±  19.8 deg                   │   22.0 ±  16.0 deg ║
╠════════════════════════════════╪═════════════════════════════════════╪═════════════════════════════════════════════════════════╣
║ ASD - NYU 10dB                 │    9.9 ±   0.6 deg                   │   21.8 ±  11.4 deg                   │   15.9 ±   9.9 deg ║
║ ASD - NYU 15dB                 │   10.8 ±   1.8 deg                   │   21.6 ±  10.9 deg                   │   16.2 ±   9.4 deg ║
║ ASD - NYU 20dB                 │   11.0 ±   1.7 deg                   │   21.4 ±  10.7 deg                   │   16.2 ±   9.2 deg ║
║ ASD - USC (no threshold)       │   10.8 ±   1.6 deg                   │   21.1 ±  10.6 deg                   │   15.9 ±   9.1 deg ║
╚════════════════════════════════╧═════════════════════════════════════╧═════════════════════════════════════════════════════════╝

Generating figures...
Figures saved to: D:\unified-channel-analysis\matlab\processing\usc_145\Figures

Saving results...

═══════════════════════════════════════════════════════════════════════
  Results saved to: D:\unified-channel-analysis\matlab\processing\usc_145\Results
    - USC145GHz_Full_Results.csv (flat table)
    - USC145GHz_Full_Results.xlsx (5 sheets)
    - USC145GHz_Full_Results.mat (MATLAB format)
  Figures saved to: D:\unified-channel-analysis\matlab\processing\usc_145\Figures
═══════════════════════════════════════════════════════════════════════

Done!
[sweep]   ok (0.7 min) -> D:\unified-channel-analysis\figures\matlab\sweep\usc145_M18.csv
[sweep] USC142GHz_Method_Comparison_Full  <-  {"noise_margin_dB":21}
[sweep] USC145 config override: {"noise_margin_dB":21}
═══════════════════════════════════════════════════════════════════════
  USC 145GHz Data: Full Method Comparison (NYU vs USC)
═══════════════════════════════════════════════════════════════════════
  PDP Threshold: Global max noise + 21 dB [USC method, common]
  Omni Synthesis: NYU=SUM, USC=perDelayMax
  PAS Thresholds: 10 dB, 15 dB, 20 dB (NYU AS only)
  Correction Factor: -1.95 dB (elevation summing)
  TX Power: -2.0 dBm, Ant Gain: TX=21 dB, RX=21 dB
═══════════════════════════════════════════════════════════════════════

Antenna pattern loaded: 181 points
╔═══════════════════════════════════════════════════════════════════════╗
║    Processing USC 145GHz Data: PL, DS, and AS (NYU vs USC Methods)   ║
╚═══════════════════════════════════════════════════════════════════════╝

Processing LOS locations...
─────────────────────────────────────────────────────────────────────────
Processing [ 1/13] R01 (d=64.5 m) ... PL: 103.0/109.7 dB | DS: 50.7/57.1 ns | ASA: 26.9/29.4 deg
Processing [ 2/13] R02 (d=82.5 m) ... PL: 106.2/112.7 dB | DS: 29.1/32.2 ns | ASA: 9.7/15.9 deg
Processing [ 3/13] R03 (d=32.1 m) ... PL: 97.7/103.8 dB | DS: 13.2/14.3 ns | ASA: 10.3/9.9 deg
Processing [ 4/13] R04 (d=40.8 m) ... PL: 100.2/107.1 dB | DS: 26.8/30.7 ns | ASA: 9.8/12.7 deg
Processing [ 5/13] R05 (d=49.8 m) ... PL: 101.6/107.8 dB | DS: 17.2/19.5 ns | ASA: 9.8/10.8 deg
Processing [ 6/13] R06 (d=72.3 m) ... PL: 103.9/110.1 dB | DS: 67.3/68.0 ns | ASA: 15.3/28.4 deg
Processing [ 7/13] R07 (d=20.4 m) ... PL: 92.1/99.5 dB | DS: 2.3/3.1 ns | ASA: 10.3/13.1 deg
Processing [ 8/13] R08 (d=33.9 m) ... PL: 97.9/104.5 dB | DS: 10.9/12.8 ns | ASA: 9.8/10.4 deg
Processing [ 9/13] R09 (d=45.9 m) ... PL: 100.5/107.0 dB | DS: 8.8/11.4 ns | ASA: 10.1/10.7 deg
Processing [10/13] R10 (d=54.3 m) ... PL: 101.6/107.9 dB | DS: 23.8/25.4 ns | ASA: 9.9/21.7 deg
Processing [11/13] R11 (d=36.3 m) ... PL: 101.2/107.5 dB | DS: 4.1/4.8 ns | ASA: 9.9/10.7 deg
Processing [12/13] R12 (d=57.9 m) ... PL: 103.0/108.6 dB | DS: 1.8/2.0 ns | ASA: 10.4/10.7 deg
Processing [13/13] R13 (d=65.7 m) ... PL: 101.9/109.6 dB | DS: 1.5/2.0 ns | ASA: 11.9/11.6 deg

Processing NLOS locations...
─────────────────────────────────────────────────────────────────────────
Processing [ 1/13] R01 (d=46.0 m) ... PL: 119.2/122.8 dB | DS: 21.7/21.4 ns | ASA: 10.9/14.1 deg
Processing [ 2/13] R02 (d=73.0 m) ... PL: 124.4/128.7 dB | DS: 19.7/21.4 ns | ASA: 10.6/21.3 deg
Processing [ 3/13] R03 (d=83.0 m) ... PL: 125.9/129.6 dB | DS: 16.2/17.1 ns | ASA: 29.5/27.2 deg
Processing [ 4/13] R04 (d=40.7 m) ... PL: 117.1/123.1 dB | DS: 32.0/49.5 ns | ASA: 43.3/46.9 deg
Processing [ 5/13] R05 (d=53.4 m) ... PL: 118.0/121.9 dB | DS: 61.2/58.8 ns | ASA: 74.4/76.2 deg
Processing [ 6/13] R06 (d=62.6 m) ... PL: 124.6/127.7 dB | DS: 39.3/42.5 ns | ASA: 50.8/53.8 deg
Processing [ 7/13] R07 (d=35.0 m) ... PL: 105.0/109.5 dB | DS: 3.6/4.3 ns | ASA: 9.2/17.5 deg
Processing [ 8/13] R08 (d=45.5 m) ... PL: 101.3/106.2 dB | DS: 1.5/1.9 ns | ASA: 9.9/9.9 deg
Processing [ 9/13] R09 (d=58.5 m) ... PL: 115.5/121.8 dB | DS: 8.2/14.2 ns | ASA: 17.1/18.9 deg
Processing [10/13] R10 (d=65.7 m) ... PL: 121.0/125.3 dB | DS: 11.5/19.9 ns | ASA: 9.4/14.5 deg
Processing [11/13] R11 (d=18.3 m) ... PL: 112.9/119.0 dB | DS: 7.5/11.0 ns | ASA: 17.1/23.3 deg
Processing [12/13] R12 (d=20.8 m) ... PL: 105.2/109.4 dB | DS: 2.2/2.6 ns | ASA: 9.6/9.5 deg
Processing [13/13] R13 (d=30.0 m) ... PL: 120.8/124.5 dB | DS: 25.8/31.1 ns | ASA: 10.3/20.0 deg

Processing complete!

╔═══════════════════════════════════════════════════════════════════════════════════════════════════════╗
║                               TABLE 1: METHOD COMPARISON SUMMARY                                       ║
╠════════════════════════╤═══════════════════════════════════╤═══════════════════════════════════════════╣
║ Aspect                 │ NYU Method                        │ USC Method                                ║
╠════════════════════════╪═══════════════════════════════════╪═══════════════════════════════════════════╣
║ PDP Threshold          │ Global noise + 12dB               │ SAME (common)                             ║
║ Omni Synthesis (PL/DS) │ SUM across all directions         │ perDelayMax (max per delay)               ║
║ PAS Threshold (AS)     │ 10/15/20 dB below peak            │ NONE                                      ║
║ Lobe Expansion (AS)    │ Antenna pattern-based (HPBW=10°)  │ NONE                                      ║
║ AS Formula             │ 3GPP: sqrt(-2*ln(R))              │ SAME                                      ║
╚════════════════════════╧═══════════════════════════════════╧═══════════════════════════════════════════╝

╔════════════════════════════════════════════════════════════════════════════════════════════════════════════════════════════════════════════════════════════════════╗
║                                                            TABLE 2: PER-LOCATION RESULTS                                                                           ║
╠═════════╤══════╤═══════════════════╤═══════════════════╤═════════════════════════════════════════╤═════════════════════════════════════════════════════════════════╣
║  Loc    │ Env  │   Path Loss (dB)  │  Delay Spread(ns) │          ASA (degrees)                  │              ASD (degrees)                                      ║
║         │      │  NYU   │   USC    │  NYU   │   USC    │ NYU-10 │ NYU-15 │ NYU-20 │  USC  │ NYU-10 │ NYU-15 │ NYU-20 │  USC  ║
╠═════════╪══════╪════════╪══════════╪════════╪══════════╪════════╪════════╪════════╪═══════╪════════╪════════╪════════╪═══════╣
║ R01     │ LOS  │  103.0 │  109.7   │   50.7 │   57.1   │   26.9 │   24.8 │   30.2 │  29.4 │    9.7 │    9.7 │   11.8 │  11.4 ║
║ R02     │ LOS  │  106.2 │  112.7   │   29.1 │   32.2   │    9.7 │   10.7 │   18.0 │  15.9 │   10.3 │   11.3 │   11.6 │  11.4 ║
║ R03     │ LOS  │   97.7 │  103.8   │   13.2 │   14.3   │   10.3 │    9.6 │    9.3 │   9.9 │    9.4 │    9.5 │    9.4 │   9.7 ║
║ R04     │ LOS  │  100.2 │  107.1   │   26.8 │   30.7   │    9.8 │    9.6 │    9.3 │  12.7 │   10.3 │   10.2 │   11.0 │  11.0 ║
║ R05     │ LOS  │  101.6 │  107.8   │   17.2 │   19.5   │    9.8 │    9.4 │    9.3 │  10.8 │    9.8 │    9.4 │   10.7 │  10.3 ║
║ R06     │ LOS  │  103.9 │  110.1   │   67.3 │   68.0   │   15.3 │   32.1 │   28.6 │  28.4 │    9.5 │   14.6 │   14.2 │  13.9 ║
║ R07     │ LOS  │   92.1 │   99.5   │    2.3 │    3.1   │   10.3 │   10.4 │   10.4 │  13.1 │   10.2 │   10.4 │   10.4 │  10.1 ║
║ R08     │ LOS  │   97.9 │  104.5   │   10.9 │   12.8   │    9.8 │   10.0 │    9.8 │  10.4 │    9.9 │    9.7 │    9.7 │   9.2 ║
║ R09     │ LOS  │  100.5 │  107.0   │    8.8 │   11.4   │   10.1 │    9.6 │    9.4 │  10.7 │    9.6 │    9.6 │    9.5 │   9.2 ║
║ R10     │ LOS  │  101.6 │  107.9   │   23.8 │   25.4   │    9.9 │   17.6 │   22.2 │  21.7 │    9.5 │   14.6 │   13.9 │  13.2 ║
║ R11     │ LOS  │  101.2 │  107.5   │    4.1 │    4.8   │    9.9 │    9.7 │    9.7 │  10.7 │    9.7 │    9.5 │    9.3 │   9.4 ║
║ R12     │ LOS  │  103.0 │  108.6   │    1.8 │    2.0   │   10.4 │   10.1 │   10.8 │  10.7 │    9.5 │    9.6 │    9.4 │   9.1 ║
║ R13     │ LOS  │  101.9 │  109.6   │    1.5 │    2.0   │   11.9 │   11.0 │   11.1 │  11.6 │   11.7 │   11.5 │   11.1 │  10.9 ║
║ R01     │ NLOS │  119.2 │  122.8   │   21.7 │   21.4   │   10.9 │   13.1 │   12.5 │  14.1 │   48.0 │   47.3 │   47.2 │  46.9 ║
║ R02     │ NLOS │  124.4 │  128.7   │   19.7 │   21.4   │   10.6 │   22.5 │   21.2 │  21.3 │   31.6 │   33.1 │   32.6 │  32.2 ║
║ R03     │ NLOS │  125.9 │  129.6   │   16.2 │   17.1   │   29.5 │   27.9 │   27.5 │  27.2 │   27.6 │   25.5 │   25.4 │  24.6 ║
║ R04     │ NLOS │  117.1 │  123.1   │   32.0 │   49.5   │   43.3 │   45.2 │   47.3 │  46.9 │   10.9 │   15.0 │   15.3 │  14.7 ║
║ R05     │ NLOS │  118.0 │  121.9   │   61.2 │   58.8   │   74.4 │   75.7 │   75.9 │  76.2 │   23.4 │   23.9 │   23.1 │  22.6 ║
║ R06     │ NLOS │  124.6 │  127.7   │   39.3 │   42.5   │   50.8 │   54.7 │   54.1 │  53.8 │   26.9 │   22.1 │   20.9 │  20.2 ║
║ R07     │ NLOS │  105.0 │  109.5   │    3.6 │    4.3   │    9.2 │   10.8 │   17.7 │  17.5 │    9.5 │    9.4 │   10.1 │  10.0 ║
║ R08     │ NLOS │  101.3 │  106.2   │    1.5 │    1.9   │    9.9 │   10.0 │    9.6 │   9.9 │   10.3 │    9.8 │    9.5 │   9.4 ║
║ R09     │ NLOS │  115.5 │  121.8   │    8.2 │   14.2   │   17.1 │   17.1 │   20.2 │  18.9 │   27.2 │   26.7 │   27.0 │  26.5 ║
║ R10     │ NLOS │  121.0 │  125.3   │   11.5 │   19.9   │    9.4 │   11.0 │   10.9 │  14.5 │   12.1 │   12.8 │   12.9 │  12.2 ║
║ R11     │ NLOS │  112.9 │  119.0   │    7.5 │   11.0   │   17.1 │   20.0 │   22.5 │  23.3 │   18.1 │   16.9 │   16.5 │  16.5 ║
║ R12     │ NLOS │  105.2 │  109.4   │    2.2 │    2.6   │    9.6 │    8.8 │    8.9 │   9.5 │    9.4 │    9.1 │    8.9 │   8.9 ║
║ R13     │ NLOS │  120.8 │  124.5   │   25.8 │   31.1   │   10.3 │   18.9 │   18.7 │  20.0 │   16.6 │   25.6 │   25.8 │  25.2 ║
╚═════════╧══════╧════════╧══════════╧════════╧══════════╧════════╧════════╧════════╧═══════╧════════╧════════╧════════╧═══════╝

╔═══════════════════════════════════════════════════════════════════════════════════════════════════════════════════════════════╗
║                                              TABLE 3: STATISTICAL SUMMARY                                                      ║
╠════════════════════════════════╤═════════════════════════════════════╤═════════════════════════════════════════════════════════╣
║ Metric                         │     LOS (mean ± std)                │     NLOS (mean ± std)               │    ALL            ║
╠════════════════════════════════╪═════════════════════════════════════╪═════════════════════════════════════════════════════════╣
║ PL - NYU (SUM)                 │  100.8 ±   3.5 dB                    │  116.2 ±   8.0 dB                    │  108.5 ±   9.9 dB  ║
║ PL - USC (perDelayMax)         │  107.4 ±   3.3 dB                    │  120.7 ±   7.7 dB                    │  114.0 ±   9.0 dB  ║
║ Δ PL (NYU - USC)               │  -6.52 ±  0.55 dB                    │  -4.50 ±  1.02 dB                    │  -5.51 ±  1.31 dB  ║
╠════════════════════════════════╪═════════════════════════════════════╪═════════════════════════════════════════════════════════╣
║ DS - NYU (SUM)                 │   19.8 ±  20.0 ns                    │   19.2 ±  17.2 ns                    │   19.5 ±  18.3 ns  ║
║ DS - USC (perDelayMax)         │   21.8 ±  20.9 ns                    │   22.8 ±  18.0 ns                    │   22.3 ±  19.1 ns  ║
╠════════════════════════════════╪═════════════════════════════════════╪═════════════════════════════════════════════════════════╣
║ ASA - NYU 10dB                 │   11.9 ±   4.8 deg                   │   23.2 ±  20.7 deg                   │   17.5 ±  15.8 deg ║
║ ASA - NYU 15dB                 │   13.4 ±   7.2 deg                   │   25.8 ±  20.4 deg                   │   19.6 ±  16.3 deg ║
║ ASA - NYU 20dB                 │   14.5 ±   7.7 deg                   │   26.7 ±  20.2 deg                   │   20.6 ±  16.2 deg ║
║ ASA - USC (no threshold)       │   15.1 ±   6.9 deg                   │   27.1 ±  19.8 deg                   │   21.1 ±  15.8 deg ║
╠════════════════════════════════╪═════════════════════════════════════╪═════════════════════════════════════════════════════════╣
║ ASD - NYU 10dB                 │    9.9 ±   0.6 deg                   │   20.9 ±  11.4 deg                   │   15.4 ±   9.7 deg ║
║ ASD - NYU 15dB                 │   10.7 ±   1.8 deg                   │   21.3 ±  11.0 deg                   │   16.0 ±   9.4 deg ║
║ ASD - NYU 20dB                 │   10.9 ±   1.6 deg                   │   21.2 ±  10.9 deg                   │   16.1 ±   9.2 deg ║
║ ASD - USC (no threshold)       │   10.7 ±   1.5 deg                   │   20.8 ±  10.8 deg                   │   15.7 ±   9.1 deg ║
╚════════════════════════════════╧═════════════════════════════════════╧═════════════════════════════════════════════════════════╝

Generating figures...
Figures saved to: D:\unified-channel-analysis\matlab\processing\usc_145\Figures

Saving results...

═══════════════════════════════════════════════════════════════════════
  Results saved to: D:\unified-channel-analysis\matlab\processing\usc_145\Results
    - USC145GHz_Full_Results.csv (flat table)
    - USC145GHz_Full_Results.xlsx (5 sheets)
    - USC145GHz_Full_Results.mat (MATLAB format)
  Figures saved to: D:\unified-channel-analysis\matlab\processing\usc_145\Figures
═══════════════════════════════════════════════════════════════════════

Done!
[sweep]   ok (0.7 min) -> D:\unified-channel-analysis\figures\matlab\sweep\usc145_M21.csv
[sweep] all done in 19.2 min
[sweep] restoring operating-point Results...
Loaded TX power table: 27 unique TX-RX pairs
═══════════════════════════════════════════════════════════════════════
  NYU 142GHz Data: Method Comparison Configuration
═══════════════════════════════════════════════════════════════════════
  PDP Threshold: max(25 dB below peak, 5 dB above noise) [NYU method]
  Omni Synthesis: NYU=SUM, USC=perDelayMax
  PAS Thresholds: 10 dB, 15 dB, 20 dB (NYU only)
  TX Power: VARIES per TX-RX pair (from CSV), Ant Gain: TX=27 dB, RX=27 dB
  TX Power lookup table loaded: 27 unique TX-RX pairs
  Antenna patterns loaded: Azimuth (181 points), Elevation (181 points)
═══════════════════════════════════════════════════════════════════════

╔═══════════════════════════════════════════════════════════════════════╗
║         Processing NYU 142GHz Data with NYU and USC Methods          ║
╚═══════════════════════════════════════════════════════════════════════╝

Found 27 TX-RX location files

Processing [ 1/27] T1-R1 (Ptx=-3.50 dBm) ... LOS | PL: NYU=102.6, USC=103.5 | DS: NYU=7.5, USC=7.7 ns
Processing [ 2/27] T1-R14 (Ptx=-1.20 dBm) ... NLOS | PL: NYU=129.7, USC=131.5 | DS: NYU=13.1, USC=12.3 ns
Processing [ 3/27] T1-R16 (Ptx=-1.20 dBm) ... NLOS | PL: NYU=126.9, USC=128.2 | DS: NYU=23.1, USC=25.0 ns
Processing [ 4/27] T1-R18 (Ptx=-1.20 dBm) ... NLOS | PL: NYU=136.9, USC=138.4 | DS: NYU=56.5, USC=53.1 ns
Processing [ 5/27] T1-R23 (Ptx=-1.50 dBm) ... LOS | PL: NYU=110.8, USC=112.7 | DS: NYU=22.0, USC=23.2 ns
Processing [ 6/27] T1-R27 (Ptx=-1.87 dBm) ... LOS | PL: NYU=104.4, USC=106.2 | DS: NYU=5.5, USC=6.2 ns
Processing [ 7/27] T1-R31 (Ptx=-1.87 dBm) ... LOS | PL: NYU=105.1, USC=106.4 | DS: NYU=16.5, USC=17.3 ns
Processing [ 8/27] T1-R5 (Ptx=-3.50 dBm) ... LOS | PL: NYU=102.1, USC=103.1 | DS: NYU=3.2, USC=2.9 ns
Processing [ 9/27] T1-R9 (Ptx=-1.50 dBm) ... NLOS | PL: NYU=126.5, USC=127.5 | DS: NYU=19.8, USC=19.5 ns
Processing [10/27] T2-R1 (Ptx=-2.00 dBm) ... LOS | PL: NYU=112.0, USC=113.6 | DS: NYU=32.0, USC=28.1 ns
Processing [11/27] T2-R35 (Ptx=-2.00 dBm) ... LOS | PL: NYU=109.2, USC=110.8 | DS: NYU=27.0, USC=30.1 ns
Processing [12/27] T2-R36 (Ptx=-2.00 dBm) ... LOS | PL: NYU=105.7, USC=106.7 | DS: NYU=17.6, USC=18.5 ns
Processing [13/27] T3-R1 (Ptx=-1.37 dBm) ... NLOS | PL: NYU=130.6, USC=133.4 | DS: NYU=16.1, USC=16.0 ns
Processing [14/27] T3-R35 (Ptx=-1.37 dBm) ... LOS | PL: NYU=116.8, USC=118.8 | DS: NYU=27.1, USC=26.3 ns
Processing [15/27] T3-R36 (Ptx=-1.37 dBm) ... LOS | PL: NYU=115.1, USC=117.0 | DS: NYU=8.2, USC=9.8 ns
Processing [16/27] T3-R37 (Ptx=-1.37 dBm) ... LOS | PL: NYU=120.6, USC=122.8 | DS: NYU=11.7, USC=14.9 ns
Processing [17/27] T4-R1 (Ptx=-1.72 dBm) ... NLOS | PL: NYU=128.2, USC=129.5 | DS: NYU=26.4, USC=30.7 ns
Processing [18/27] T4-R3 (Ptx=-1.72 dBm) ... LOS | PL: NYU=113.3, USC=115.8 | DS: NYU=17.2, USC=22.8 ns
Processing [19/27] T4-R37 (Ptx=-1.72 dBm) ... LOS | PL: NYU=105.1, USC=106.8 | DS: NYU=7.7, USC=7.6 ns
Processing [20/27] T4-R38 (Ptx=-1.72 dBm) ... NLOS | PL: NYU=138.2, USC=139.4 | DS: NYU=0.5, USC=0.6 ns
Processing [21/27] T5-R1 (Ptx=-3.00 dBm) ... NLOS | PL: NYU=115.4, USC=116.9 | DS: NYU=41.8, USC=45.9 ns
Processing [22/27] T5-R10 (Ptx=-3.00 dBm) ... NLOS | PL: NYU=122.6, USC=126.1 | DS: NYU=36.5, USC=47.0 ns
Processing [23/27] T5-R3 (Ptx=-3.00 dBm) ... LOS | PL: NYU=107.2, USC=109.0 | DS: NYU=15.5, USC=17.9 ns
Processing [24/27] T5-R35 (Ptx=-3.00 dBm) ... LOS | PL: NYU=110.9, USC=112.3 | DS: NYU=1.4, USC=1.3 ns
Processing [25/27] T6-R1 (Ptx=-1.55 dBm) ... LOS | PL: NYU=104.0, USC=106.5 | DS: NYU=18.7, USC=17.7 ns
Processing [26/27] T6-R39 (Ptx=-1.55 dBm) ... NLOS | PL: NYU=113.2, USC=115.5 | DS: NYU=23.6, USC=23.8 ns
Processing [27/27] T6-R40 (Ptx=-1.55 dBm) ... NLOS | PL: NYU=120.1, USC=122.8 | DS: NYU=29.8, USC=36.0 ns

Processing complete!

╔═══════════════════════════════════════════════════════════════════════════════════════════════════════╗
║                               TABLE 1: METHOD COMPARISON SUMMARY                                       ║
╠════════════════════════╤═══════════════════════════════════╤═══════════════════════════════════════════╣
║ Aspect                 │ NYU Method                        │ USC Method                                ║
╠════════════════════════╪═══════════════════════════════════╪═══════════════════════════════════════════╣
║ PDP Threshold          │ max(25dB below pk, 5dB abv noise) │ SAME (NYU method)                         ║
║ Omni Synthesis         │ SUM across all directions         │ perDelayMax (max per delay)               ║
║ PAS Threshold          │ 10/15/20 dB below peak            │ NONE                                      ║
║ Lobe Expansion         │ Antenna pattern-based (HPBW=8°)   │ NONE                                      ║
║ AS Formula             │ 3GPP: sqrt(-2*ln(R))              │ SAME                                      ║
╚════════════════════════╧═══════════════════════════════════╧═══════════════════════════════════════════╝

╔════════════════════════════════════════════════════════════════════════════════════════════════════════════════════════════════════════════╗
║                                              TABLE 2: PER TX-RX PAIR RESULTS                                                               ║
╠═════════╤═══════╤═══════════════════╤═══════════════════╤═════════════════════════════════════════════════════════════════════════════════╣
║  TX-RX  │  Env  │   Path Loss (dB)  │ Delay Spread (ns) │                    Angular Spread (degrees)                                      ║
║         │       │   NYU  │   USC    │   NYU  │   USC    │  ASA-10  │  ASA-15  │  ASA-20  │ ASA-USC │  ASD-10  │  ASD-15  │  ASD-20  │ ASD-USC║
╠═════════╪═══════╪════════╪══════════╪════════╪══════════╪══════════╪══════════╪══════════╪═════════╪══════════╪══════════╪══════════╪════════╣
║ T1-R1   │ LOS   │  102.6 │  103.5   │   7.49 │   7.67   │     3.3  │    13.0  │    10.2  │    9.3  │     3.3  │    12.8  │    10.2  │    8.3 ║
║ T1-R14  │ NLOS  │  129.7 │  131.5   │  13.07 │  12.26   │    54.9  │    52.7  │    53.4  │   51.8  │     3.3  │     2.7  │     2.0  │    0.0 ║
║ T1-R16  │ NLOS  │  126.9 │  128.2   │  23.13 │  25.04   │    50.3  │    45.5  │    43.5  │   42.7  │     3.3  │     2.7  │     3.6  │    1.8 ║
║ T1-R18  │ NLOS  │  136.9 │  138.4   │  56.47 │  53.06   │    41.8  │    41.5  │    41.4  │   41.3  │     9.1  │     8.7  │     8.4  │    8.1 ║
║ T1-R23  │ LOS   │  110.8 │  112.7   │  22.04 │  23.17   │    52.0  │    48.4  │    51.1  │   48.8  │     5.4  │     6.4  │     5.8  │    5.2 ║
║ T1-R27  │ LOS   │  104.4 │  106.2   │   5.52 │   6.16   │     3.3  │     3.6  │     3.1  │    5.2  │     3.3  │     2.7  │     2.0  │    0.6 ║
║ T1-R31  │ LOS   │  105.1 │  106.4   │  16.46 │  17.30   │     3.3  │     4.2  │     3.6  │    9.1  │     3.3  │     2.7  │     6.9  │    3.9 ║
║ T1-R5   │ LOS   │  102.1 │  103.1   │   3.19 │   2.89   │     3.3  │     3.1  │     2.8  │   10.3  │     3.3  │     3.9  │     3.1  │    2.0 ║
║ T1-R9   │ NLOS  │  126.5 │  127.5   │  19.78 │  19.51   │    70.8  │    69.6  │    67.8  │   67.0  │     3.3  │     2.7  │     2.0  │    0.0 ║
║ T2-R1   │ LOS   │  112.0 │  113.6   │  31.96 │  28.10   │     3.3  │     3.8  │     5.3  │   11.1  │     3.3  │     2.9  │     5.1  │    7.6 ║
║ T2-R35  │ LOS   │  109.2 │  110.8   │  26.99 │  30.08   │     3.3  │     4.0  │    27.1  │   23.7  │     3.3  │     3.2  │     7.4  │    6.5 ║
║ T2-R36  │ LOS   │  105.7 │  106.7   │  17.64 │  18.48   │     3.3  │     3.8  │     3.3  │   11.8  │     3.3  │     3.3  │     3.4  │    4.0 ║
║ T3-R1   │ NLOS  │  130.6 │  133.4   │  16.06 │  15.97   │    10.9  │    12.2  │    12.0  │   11.8  │     6.7  │     6.1  │     5.8  │    5.5 ║
║ T3-R35  │ LOS   │  116.8 │  118.8   │  27.11 │  26.33   │    13.5  │    12.4  │    12.4  │   12.3  │    25.1  │    22.9  │    22.1  │   21.6 ║
║ T3-R36  │ LOS   │  115.1 │  117.0   │   8.25 │   9.78   │     3.3  │     3.7  │     3.2  │    6.5  │     3.3  │     3.3  │     2.9  │    2.7 ║
║ T3-R37  │ LOS   │  120.6 │  122.8   │  11.70 │  14.95   │     4.0  │     3.8  │     3.4  │   10.2  │     3.3  │     3.3  │     2.7  │    1.9 ║
║ T4-R1   │ NLOS  │  128.2 │  129.5   │  26.38 │  30.65   │     3.3  │     2.7  │    24.3  │   18.9  │     4.4  │     3.9  │     3.4  │    2.9 ║
║ T4-R3   │ LOS   │  113.3 │  115.8   │  17.17 │  22.78   │     5.0  │     4.7  │     4.1  │    7.9  │     3.3  │     3.5  │     2.9  │    2.4 ║
║ T4-R37  │ LOS   │  105.1 │  106.8   │   7.70 │   7.59   │     7.1  │    12.8  │    10.9  │   10.1  │    13.4  │    13.9  │    13.5  │   12.9 ║
║ T4-R38  │ NLOS  │  138.2 │  139.4   │   0.54 │   0.58   │     5.0  │     4.3  │     3.9  │    3.4  │     5.0  │     4.3  │     3.9  │    3.4 ║
║ T5-R1   │ NLOS  │  115.4 │  116.9   │  41.82 │  45.88   │    57.5  │    53.0  │    51.4  │   49.6  │    10.1  │     9.9  │    11.0  │   10.4 ║
║ T5-R10  │ NLOS  │  122.6 │  126.1   │  36.54 │  47.02   │     5.2  │    33.2  │    38.8  │   33.1  │    19.4  │    18.6  │    18.4  │   17.7 ║
║ T5-R3   │ LOS   │  107.2 │  109.0   │  15.55 │  17.88   │     3.3  │     8.7  │     7.8  │   10.2  │     3.3  │     8.4  │     8.3  │    8.0 ║
║ T5-R35  │ LOS   │  110.9 │  112.3   │   1.39 │   1.34   │     3.3  │     4.0  │     3.5  │    3.3  │     3.3  │     3.5  │     2.9  │    2.8 ║
║ T6-R1   │ LOS   │  104.0 │  106.5   │  18.66 │  17.74   │     4.7  │     4.7  │     4.2  │    6.8  │     4.9  │     4.7  │     4.2  │    4.4 ║
║ T6-R39  │ NLOS  │  113.2 │  115.5   │  23.57 │  23.84   │    61.4  │    62.2  │    61.6  │   62.7  │    31.8  │    31.2  │    31.4  │   31.1 ║
║ T6-R40  │ NLOS  │  120.1 │  122.8   │  29.76 │  35.99   │    34.9  │    32.3  │    30.6  │   29.7  │     4.0  │    26.6  │    24.4  │   22.1 ║
╚═════════╧═══════╧════════╧══════════╧════════╧══════════╧══════════╧══════════╧══════════╧═════════╧══════════╧══════════╧══════════╧════════╝

╔═══════════════════════════════════════════════════════════════════════════════════════════════════════════════════════════════╗
║                                              TABLE 3: STATISTICAL SUMMARY                                                      ║
╠════════════════════════════════╤═════════════════════════════════════╤═════════════════════════════════════════════════════════╣
║ Metric                         │     LOS (mean ± std)                │     NLOS (mean ± std)               │    ALL            ║
╠════════════════════════════════╪═════════════════════════════════════╪═════════════════════════════════════════════════════════╣
║ PL - NYU (SUM)                 │  109.1 ±   5.5 dB                    │  126.2 ±   8.0 dB                    │  116.1 ±  10.7 dB  ║
║ PL - USC (perDelayMax)         │  110.7 ±   5.7 dB                    │  128.1 ±   7.7 dB                    │  117.8 ±  10.8 dB  ║
║ Δ PL (NYU - USC)               │   -1.7 ±   0.5 dB                    │   -1.9 ±   0.8 dB                    │   -1.8 ±   0.6 dB  ║
╠════════════════════════════════╪═════════════════════════════════════╪═════════════════════════════════════════════════════════╣
║ DS - NYU (SUM)                 │  14.93 ±  9.08 ns                    │  26.10 ± 15.07 ns                    │  19.48 ± 12.89 ns  ║
║ DS - USC (perDelayMax)         │  15.76 ±  9.04 ns                    │  28.16 ± 16.19 ns                    │  20.82 ± 13.66 ns  ║
╠════════════════════════════════╪═════════════════════════════════════╪═════════════════════════════════════════════════════════╣
║ ASA - NYU 10dB                 │    7.4 ±  12.2 deg                   │   36.0 ±  25.6 deg                   │   19.1 ±  23.3 deg ║
║ ASA - NYU 20dB                 │    9.7 ±  12.6 deg                   │   39.0 ±  19.9 deg                   │   21.7 ±  21.4 deg ║
║ ASA - USC (no threshold)       │   12.3 ±  10.7 deg                   │   37.5 ±  20.4 deg                   │   22.5 ±  19.6 deg ║
╚════════════════════════════════╧═════════════════════════════════════╧═════════════════════════════════════════════════════════╝


  CSV results exported to: D:\unified-channel-analysis\matlab\processing\nyu_142\Results\NYU142GHz_Method_Comparison_Results.csv
  Excel results exported to: D:\unified-channel-analysis\matlab\processing\nyu_142\Results\NYU142GHz_Method_Comparison_Results.xlsx

═══════════════════════════════════════════════════════════════════════
  PROCESSING COMPLETE
═══════════════════════════════════════════════════════════════════════
  Figures saved to: D:\unified-channel-analysis\matlab\processing\nyu_142\Figures
  Results saved to: D:\unified-channel-analysis\matlab\processing\nyu_142\Results
  CSV exported to: D:\unified-channel-analysis\matlab\processing\nyu_142\Results\NYU142GHz_Method_Comparison_Results.csv
  Excel exported to: D:\unified-channel-analysis\matlab\processing\nyu_142\Results\NYU142GHz_Method_Comparison_Results.xlsx
═══════════════════════════════════════════════════════════════════════
═══════════════════════════════════════════════════════════════════════
  USC 145GHz Data: Full Method Comparison (NYU vs USC)
═══════════════════════════════════════════════════════════════════════
  PDP Threshold: Global max noise + 12 dB [USC method, common]
  Omni Synthesis: NYU=SUM, USC=perDelayMax
  PAS Thresholds: 10 dB, 15 dB, 20 dB (NYU AS only)
  Correction Factor: -1.95 dB (elevation summing)
  TX Power: -2.0 dBm, Ant Gain: TX=21 dB, RX=21 dB
═══════════════════════════════════════════════════════════════════════

Antenna pattern loaded: 181 points
╔═══════════════════════════════════════════════════════════════════════╗
║    Processing USC 145GHz Data: PL, DS, and AS (NYU vs USC Methods)   ║
╚═══════════════════════════════════════════════════════════════════════╝

Processing LOS locations...
─────────────────────────────────────────────────────────────────────────
Processing [ 1/13] R01 (d=64.5 m) ... PL: 102.9/109.6 dB | DS: 52.3/57.8 ns | ASA: 26.9/30.2 deg
Processing [ 2/13] R02 (d=82.5 m) ... PL: 106.1/112.7 dB | DS: 32.4/33.7 ns | ASA: 9.7/17.7 deg
Processing [ 3/13] R03 (d=32.1 m) ... PL: 97.7/103.7 dB | DS: 15.0/15.7 ns | ASA: 10.3/10.4 deg
Processing [ 4/13] R04 (d=40.8 m) ... PL: 100.2/107.1 dB | DS: 30.0/32.7 ns | ASA: 9.8/13.9 deg
Processing [ 5/13] R05 (d=49.8 m) ... PL: 101.6/107.8 dB | DS: 20.5/22.2 ns | ASA: 9.8/12.0 deg
Processing [ 6/13] R06 (d=72.3 m) ... PL: 103.9/110.1 dB | DS: 68.1/68.6 ns | ASA: 15.4/29.0 deg
Processing [ 7/13] R07 (d=20.4 m) ... PL: 92.1/99.5 dB | DS: 2.9/4.5 ns | ASA: 10.3/13.2 deg
Processing [ 8/13] R08 (d=33.9 m) ... PL: 97.9/104.5 dB | DS: 11.4/13.1 ns | ASA: 9.8/10.4 deg
Processing [ 9/13] R09 (d=45.9 m) ... PL: 100.5/107.0 dB | DS: 9.4/11.8 ns | ASA: 10.1/10.8 deg
Processing [10/13] R10 (d=54.3 m) ... PL: 101.5/107.9 dB | DS: 24.5/25.9 ns | ASA: 9.8/22.2 deg
Processing [11/13] R11 (d=36.3 m) ... PL: 101.1/107.5 dB | DS: 5.6/6.4 ns | ASA: 9.9/11.5 deg
Processing [12/13] R12 (d=57.9 m) ... PL: 103.0/108.6 dB | DS: 3.4/4.0 ns | ASA: 10.5/11.6 deg
Processing [13/13] R13 (d=65.7 m) ... PL: 101.9/109.6 dB | DS: 2.7/4.3 ns | ASA: 11.9/12.1 deg

Processing NLOS locations...
─────────────────────────────────────────────────────────────────────────
Processing [ 1/13] R01 (d=46.0 m) ... PL: 118.5/122.5 dB | DS: 27.8/24.5 ns | ASA: 11.0/19.7 deg
Processing [ 2/13] R02 (d=73.0 m) ... PL: 122.5/128.2 dB | DS: 22.2/23.3 ns | ASA: 23.6/26.8 deg
Processing [ 3/13] R03 (d=83.0 m) ... PL: 124.1/129.0 dB | DS: 19.4/20.1 ns | ASA: 28.7/30.0 deg
Processing [ 4/13] R04 (d=40.7 m) ... PL: 116.1/122.8 dB | DS: 44.8/62.7 ns | ASA: 44.7/50.0 deg
Processing [ 5/13] R05 (d=53.4 m) ... PL: 117.2/121.6 dB | DS: 64.0/66.0 ns | ASA: 79.9/81.1 deg
Processing [ 6/13] R06 (d=62.6 m) ... PL: 121.5/126.5 dB | DS: 42.3/50.9 ns | ASA: 53.1/54.5 deg
Processing [ 7/13] R07 (d=35.0 m) ... PL: 104.8/109.4 dB | DS: 5.7/6.1 ns | ASA: 9.2/19.7 deg
Processing [ 8/13] R08 (d=45.5 m) ... PL: 101.2/106.2 dB | DS: 2.5/2.9 ns | ASA: 9.9/11.2 deg
Processing [ 9/13] R09 (d=58.5 m) ... PL: 115.2/121.7 dB | DS: 14.3/21.7 ns | ASA: 17.6/21.3 deg
Processing [10/13] R10 (d=65.7 m) ... PL: 120.2/125.1 dB | DS: 24.4/30.6 ns | ASA: 11.7/22.2 deg
Processing [11/13] R11 (d=18.3 m) ... PL: 112.7/118.9 dB | DS: 11.0/13.4 ns | ASA: 19.7/26.1 deg
Processing [12/13] R12 (d=20.8 m) ... PL: 105.2/109.4 dB | DS: 3.4/3.7 ns | ASA: 9.5/11.0 deg
Processing [13/13] R13 (d=30.0 m) ... PL: 119.8/124.2 dB | DS: 36.6/39.8 ns | ASA: 14.4/28.3 deg

Processing complete!

╔═══════════════════════════════════════════════════════════════════════════════════════════════════════╗
║                               TABLE 1: METHOD COMPARISON SUMMARY                                       ║
╠════════════════════════╤═══════════════════════════════════╤═══════════════════════════════════════════╣
║ Aspect                 │ NYU Method                        │ USC Method                                ║
╠════════════════════════╪═══════════════════════════════════╪═══════════════════════════════════════════╣
║ PDP Threshold          │ Global noise + 12dB               │ SAME (common)                             ║
║ Omni Synthesis (PL/DS) │ SUM across all directions         │ perDelayMax (max per delay)               ║
║ PAS Threshold (AS)     │ 10/15/20 dB below peak            │ NONE                                      ║
║ Lobe Expansion (AS)    │ Antenna pattern-based (HPBW=10°)  │ NONE                                      ║
║ AS Formula             │ 3GPP: sqrt(-2*ln(R))              │ SAME                                      ║
╚════════════════════════╧═══════════════════════════════════╧═══════════════════════════════════════════╝

╔════════════════════════════════════════════════════════════════════════════════════════════════════════════════════════════════════════════════════════════════════╗
║                                                            TABLE 2: PER-LOCATION RESULTS                                                                           ║
╠═════════╤══════╤═══════════════════╤═══════════════════╤═════════════════════════════════════════╤═════════════════════════════════════════════════════════════════╣
║  Loc    │ Env  │   Path Loss (dB)  │  Delay Spread(ns) │          ASA (degrees)                  │              ASD (degrees)                                      ║
║         │      │  NYU   │   USC    │  NYU   │   USC    │ NYU-10 │ NYU-15 │ NYU-20 │  USC  │ NYU-10 │ NYU-15 │ NYU-20 │  USC  ║
╠═════════╪══════╪════════╪══════════╪════════╪══════════╪════════╪════════╪════════╪═══════╪════════╪════════╪════════╪═══════╣
║ R01     │ LOS  │  102.9 │  109.6   │   52.3 │   57.8   │   26.9 │   24.8 │   31.3 │  30.2 │    9.8 │   10.9 │   12.4 │  12.2 ║
║ R02     │ LOS  │  106.1 │  112.7   │   32.4 │   33.7   │    9.7 │   11.0 │   18.6 │  17.7 │   10.4 │   11.9 │   12.1 │  12.3 ║
║ R03     │ LOS  │   97.7 │  103.7   │   15.0 │   15.7   │   10.3 │    9.5 │    9.4 │  10.4 │    9.4 │    9.6 │    9.4 │   9.9 ║
║ R04     │ LOS  │  100.2 │  107.1   │   30.0 │   32.7   │    9.8 │    9.6 │    9.6 │  13.9 │   10.3 │   10.1 │   11.1 │  11.3 ║
║ R05     │ LOS  │  101.6 │  107.8   │   20.5 │   22.2   │    9.8 │    9.5 │   11.1 │  12.0 │    9.8 │    9.5 │   11.0 │  10.8 ║
║ R06     │ LOS  │  103.9 │  110.1   │   68.1 │   68.6   │   15.4 │   32.5 │   28.8 │  29.0 │    9.5 │   14.8 │   14.7 │  14.3 ║
║ R07     │ LOS  │   92.1 │   99.5   │    2.9 │    4.5   │   10.3 │   10.4 │   10.4 │  13.2 │   10.2 │   10.4 │   10.4 │  10.1 ║
║ R08     │ LOS  │   97.9 │  104.5   │   11.4 │   13.1   │    9.8 │   10.0 │    9.8 │  10.4 │    9.9 │    9.8 │    9.7 │   9.3 ║
║ R09     │ LOS  │  100.5 │  107.0   │    9.4 │   11.8   │   10.1 │    9.6 │    9.4 │  10.8 │    9.6 │    9.6 │    9.5 │   9.2 ║
║ R10     │ LOS  │  101.5 │  107.9   │   24.5 │   25.9   │    9.8 │   17.6 │   22.3 │  22.2 │    9.5 │   14.7 │   13.9 │  13.3 ║
║ R11     │ LOS  │  101.1 │  107.5   │    5.6 │    6.4   │    9.9 │    9.7 │    9.8 │  11.5 │    9.6 │    9.6 │    9.6 │   9.6 ║
║ R12     │ LOS  │  103.0 │  108.6   │    3.4 │    4.0   │   10.5 │   10.2 │   10.9 │  11.6 │    9.5 │    9.5 │    9.5 │   9.3 ║
║ R13     │ LOS  │  101.9 │  109.6   │    2.7 │    4.3   │   11.9 │   11.0 │   11.1 │  12.1 │   11.7 │   11.5 │   11.1 │  11.0 ║
║ R01     │ NLOS │  118.5 │  122.5   │   27.8 │   24.5   │   11.0 │   14.6 │   20.5 │  19.7 │   47.1 │   45.9 │   45.5 │  45.2 ║
║ R02     │ NLOS │  122.5 │  128.2   │   22.2 │   23.3   │   23.6 │   24.1 │   24.5 │  26.8 │   31.6 │   32.1 │   31.6 │  31.3 ║
║ R03     │ NLOS │  124.1 │  129.0   │   19.4 │   20.1   │   28.7 │   27.7 │   30.7 │  30.0 │   28.6 │   28.2 │   27.4 │  26.9 ║
║ R04     │ NLOS │  116.1 │  122.8   │   44.8 │   62.7   │   44.7 │   50.1 │   50.3 │  50.0 │   11.5 │   16.9 │   16.1 │  15.6 ║
║ R05     │ NLOS │  117.2 │  121.6   │   64.0 │   66.0   │   79.9 │   80.3 │   81.1 │  81.1 │   23.5 │   23.5 │   22.9 │  22.4 ║
║ R06     │ NLOS │  121.5 │  126.5   │   42.3 │   50.9   │   53.1 │   54.5 │   54.7 │  54.5 │   19.3 │   22.3 │   21.6 │  21.0 ║
║ R07     │ NLOS │  104.8 │  109.4   │    5.7 │    6.1   │    9.2 │   12.3 │   19.6 │  19.7 │    9.8 │   10.0 │   10.9 │  10.7 ║
║ R08     │ NLOS │  101.2 │  106.2   │    2.5 │    2.9   │    9.9 │   10.0 │    9.7 │  11.2 │   10.3 │   10.0 │    9.5 │   9.7 ║
║ R09     │ NLOS │  115.2 │  121.7   │   14.3 │   21.7   │   17.6 │   17.7 │   22.3 │  21.3 │   26.9 │   26.4 │   26.7 │  26.3 ║
║ R10     │ NLOS │  120.2 │  125.1   │   24.4 │   30.6   │   11.7 │   13.3 │   22.7 │  22.2 │   12.6 │   14.2 │   14.5 │  14.0 ║
║ R11     │ NLOS │  112.7 │  118.9   │   11.0 │   13.4   │   19.7 │   23.2 │   25.9 │  26.1 │   18.2 │   17.1 │   16.8 │  17.0 ║
║ R12     │ NLOS │  105.2 │  109.4   │    3.4 │    3.7   │    9.5 │    8.8 │    9.4 │  11.0 │    9.4 │    9.2 │    9.1 │   9.2 ║
║ R13     │ NLOS │  119.8 │  124.2   │   36.6 │   39.8   │   14.4 │   23.2 │   26.9 │  28.3 │   27.6 │   29.4 │   28.6 │  28.2 ║
╚═════════╧══════╧════════╧══════════╧════════╧══════════╧════════╧════════╧════════╧═══════╧════════╧════════╧════════╧═══════╝

╔═══════════════════════════════════════════════════════════════════════════════════════════════════════════════════════════════╗
║                                              TABLE 3: STATISTICAL SUMMARY                                                      ║
╠════════════════════════════════╤═════════════════════════════════════╤═════════════════════════════════════════════════════════╣
║ Metric                         │     LOS (mean ± std)                │     NLOS (mean ± std)               │    ALL            ║
╠════════════════════════════════╪═════════════════════════════════════╪═════════════════════════════════════════════════════════╣
║ PL - NYU (SUM)                 │  100.8 ±   3.4 dB                    │  115.3 ±   7.3 dB                    │  108.1 ±   9.3 dB  ║
║ PL - USC (perDelayMax)         │  107.4 ±   3.3 dB                    │  120.4 ±   7.5 dB                    │  113.9 ±   8.7 dB  ║
║ Δ PL (NYU - USC)               │  -6.55 ±  0.54 dB                    │  -5.12 ±  0.88 dB                    │  -5.84 ±  1.02 dB  ║
╠════════════════════════════════╪═════════════════════════════════════╪═════════════════════════════════════════════════════════╣
║ DS - NYU (SUM)                 │   21.4 ±  20.2 ns                    │   24.5 ±  18.4 ns                    │   22.9 ±  19.0 ns  ║
║ DS - USC (perDelayMax)         │   23.1 ±  20.6 ns                    │   28.1 ±  21.2 ns                    │   25.6 ±  20.6 ns  ║
╠════════════════════════════════╪═════════════════════════════════════╪═════════════════════════════════════════════════════════╣
║ ASA - NYU 10dB                 │   11.9 ±   4.8 deg                   │   25.6 ±  21.4 deg                   │   18.7 ±  16.7 deg ║
║ ASA - NYU 15dB                 │   13.5 ±   7.2 deg                   │   27.7 ±  21.2 deg                   │   20.6 ±  17.1 deg ║
║ ASA - NYU 20dB                 │   14.8 ±   7.8 deg                   │   30.6 ±  20.1 deg                   │   22.7 ±  17.0 deg ║
║ ASA - USC (no threshold)       │   15.8 ±   7.0 deg                   │   30.9 ±  19.8 deg                   │   23.3 ±  16.5 deg ║
╠════════════════════════════════╪═════════════════════════════════════╪═════════════════════════════════════════════════════════╣
║ ASD - NYU 10dB                 │    9.9 ±   0.6 deg                   │   21.3 ±  11.1 deg                   │   15.6 ±   9.6 deg ║
║ ASD - NYU 15dB                 │   10.9 ±   1.9 deg                   │   21.9 ±  10.6 deg                   │   16.4 ±   9.4 deg ║
║ ASD - NYU 20dB                 │   11.1 ±   1.7 deg                   │   21.6 ±  10.4 deg                   │   16.4 ±   9.1 deg ║
║ ASD - USC (no threshold)       │   11.0 ±   1.6 deg                   │   21.3 ±  10.3 deg                   │   16.2 ±   9.0 deg ║
╚════════════════════════════════╧═════════════════════════════════════╧═════════════════════════════════════════════════════════╝

Generating figures...
Figures saved to: D:\unified-channel-analysis\matlab\processing\usc_145\Figures

Saving results...

═══════════════════════════════════════════════════════════════════════
  Results saved to: D:\unified-channel-analysis\matlab\processing\usc_145\Results
    - USC145GHz_Full_Results.csv (flat table)
    - USC145GHz_Full_Results.xlsx (5 sheets)
    - USC145GHz_Full_Results.mat (MATLAB format)
  Figures saved to: D:\unified-channel-analysis\matlab\processing\usc_145\Figures
═══════════════════════════════════════════════════════════════════════

Done!
[sweep] operating point restored.
